Game_Date,Game_Time,Name,Team,Opp,Proj_PTS,Proj_REB,Proj_AST,Total_PRA,Actual_PTS,Actual_REB,Actual_AST,Actual_PRA
2026-02-04,10:00 pm ET,Ja Morant,Grizzlies,Kings,21.14,3.0,8.35,32.5,,,,
2026-02-04,10:00 pm ET,Jaren Jackson Jr.,Grizzlies,Kings,20.79,6.12,2.36,29.27,,,,
2026-02-04,10:00 pm ET,Russell Westbrook,Kings,Grizzlies,18.92,3.75,5.86,28.52,13.0,0.0,5.0,18.0
2026-02-04,10:00 pm ET,Domantas Sabonis,Kings,Grizzlies,13.4,8.78,4.77,26.95,24.0,15.0,3.0,42.0
2026-02-04,10:00 pm ET,DeMar DeRozan,Kings,Grizzlies,17.55,3.45,3.9,24.9,20.0,3.0,5.0,28.0
2026-02-04,10:00 pm ET,Zach LaVine,Kings,Grizzlies,16.55,3.22,2.5,22.27,11.0,1.0,0.0,12.0
2026-02-04,10:00 pm ET,Jock Landale,Grizzlies,Kings,12.75,7.38,1.54,21.67,,,,
2026-02-04,10:00 pm ET,Cedric Coward,Grizzlies,Kings,13.72,4.57,2.8,21.09,5.0,7.0,6.0,18.0
2026-02-04,10:00 pm ET,Cam Spencer,Grizzlies,Kings,10.74,2.95,6.25,19.95,20.0,3.0,5.0,28.0
2026-02-04,10:00 pm ET,Malik Monk,Kings,Grizzlies,13.62,2.87,3.29,19.78,13.0,0.0,4.0,17.0
2026-02-04,10:00 pm ET,GG Jackson,Grizzlies,Kings,12.46,4.25,2.09,18.81,16.0,7.0,2.0,25.0
2026-02-04,10:00 pm ET,Jaylen Wells,Grizzlies,Kings,11.81,3.45,1.66,16.92,18.0,3.0,1.0,22.0
2026-02-04,10:00 pm ET,Maxime Raynaud,Kings,Grizzlies,8.55,6.57,1.26,16.38,6.0,5.0,0.0,11.0
2026-02-04,10:00 pm ET,Vince Williams Jr.,Grizzlies,Kings,9.62,3.28,3.08,15.99,,,,
2026-02-04,10:00 pm ET,Nique Clifford,Kings,Grizzlies,9.5,3.9,1.84,15.24,14.0,3.0,5.0,22.0
2026-02-04,10:00 pm ET,Dylan Cardwell,Kings,Grizzlies,5.51,7.59,1.44,14.54,5.0,11.0,1.0,17.0
2026-02-04,10:00 pm ET,Precious Achiuwa,Kings,Grizzlies,7.16,5.77,1.18,14.11,0.0,0.0,0.0,0.0
2026-02-04,10:00 pm ET,Kentavious Caldwell-Pope,Grizzlies,Kings,7.98,2.45,2.09,12.52,15.0,2.0,2.0,19.0
2026-02-04,10:00 pm ET,John Konchar,Grizzlies,Kings,0.0,0.0,0.0,0.0,,,,
2026-02-04,10:00 pm ET,Santi Aldama,Grizzlies,Kings,0.0,0.0,0.0,0.0,12.0,6.0,0.0,18.0
2026-02-04,10:00 pm ET,Christian Koloko,Grizzlies,Kings,0.0,0.0,0.0,0.0,,,,
2026-02-04,10:00 pm ET,Kobe Bufkin,Grizzlies,Kings,0.0,0.0,0.0,0.0,,,,
2026-02-04,10:00 pm ET,Olivier-Maxence Prosper,Grizzlies,Kings,0.0,0.0,0.0,0.0,8.0,5.0,0.0,13.0
2026-02-04,10:00 pm ET,PJ Hall,Grizzlies,Kings,0.0,0.0,0.0,0.0,,,,
2026-02-04,10:00 pm ET,Javon Small,Grizzlies,Kings,0.0,0.0,0.0,0.0,5.0,6.0,2.0,13.0
2026-02-04,10:00 pm ET,Dennis Schroder,Kings,Grizzlies,0.0,0.0,0.0,0.0,,,,
2026-02-04,10:00 pm ET,Doug McDermott,Kings,Grizzlies,0.0,0.0,0.0,0.0,0.0,0.0,0.0,0.0
2026-02-04,10:00 pm ET,Dario Saric,Kings,Grizzlies,0.0,0.0,0.0,0.0,,,,
2026-02-04,10:00 pm ET,Keegan Murray,Kings,Grizzlies,0.0,0.0,0.0,0.0,,,,
2026-02-04,10:00 pm ET,Keon Ellis,Kings,Grizzlies,0.0,0.0,0.0,0.0,,,,
2026-02-04,10:00 pm ET,Daeqwon Plowden,Kings,Grizzlies,0.0,0.0,0.0,0.0,0.0,0.0,0.0,0.0
2026-02-04,10:00 pm ET,Devin Carter,Kings,Grizzlies,0.0,0.0,0.0,0.0,10.0,6.0,5.0,21.0
2026-02-04,10:30 pm ET,Donovan Mitchell,Cavaliers,Clippers,27.27,4.51,6.86,38.64,29.0,5.0,9.0,43.0
2026-02-04,10:30 pm ET,Kawhi Leonard,Clippers,Cavaliers,27.82,5.83,4.07,37.72,25.0,7.0,4.0,36.0
2026-02-04,10:30 pm ET,James Harden,Clippers,Cavaliers,25.23,4.77,7.41,37.41,,,,
2026-02-04,10:30 pm ET,Evan Mobley,Cavaliers,Clippers,17.66,8.32,4.25,30.23,,,,
2026-02-04,10:30 pm ET,Darius Garland,Cavaliers,Clippers,18.62,2.39,6.44,27.45,,,,
2026-02-04,10:30 pm ET,Jaylon Tyson,Cavaliers,Clippers,16.94,6.38,4.03,27.35,17.0,4.0,1.0,22.0
2026-02-04,10:30 pm ET,Ivica Zubac,Clippers,Cavaliers,12.37,10.89,1.36,24.62,,,,
2026-02-04,10:30 pm ET,Jarrett Allen,Cavaliers,Clippers,13.85,8.04,1.91,23.81,10.0,11.0,3.0,24.0
2026-02-04,10:30 pm ET,Jordan Miller,Clippers,Cavaliers,12.43,4.76,1.95,19.14,5.0,4.0,3.0,12.0
2026-02-04,10:30 pm ET,Kobe Sanders,Clippers,Cavaliers,10.03,3.47,1.98,15.49,4.0,2.0,2.0,8.0
2026-02-04,10:30 pm ET,Kris Dunn,Clippers,Cavaliers,8.14,3.56,2.93,14.63,2.0,3.0,6.0,11.0
2026-02-04,10:30 pm ET,Nae'Qwan Tomlin,Cavaliers,Clippers,8.05,3.95,1.57,13.56,4.0,1.0,2.0,7.0
2026-02-04,10:30 pm ET,Dean Wade,Cavaliers,Clippers,5.94,4.51,1.27,11.73,5.0,3.0,3.0,11.0
2026-02-04,10:30 pm ET,Brook Lopez,Clippers,Cavaliers,6.54,2.55,1.07,10.16,5.0,2.0,1.0,8.0
2026-02-04,10:30 pm ET,Nicolas Batum,Clippers,Cavaliers,4.61,3.28,0.93,8.82,0.0,0.0,0.0,0.0
2026-02-04,10:30 pm ET,Tyrese Proctor,Cavaliers,Clippers,4.55,1.15,1.45,7.16,6.0,0.0,2.0,8.0
2026-02-04,10:30 pm ET,Larry Nance Jr.,Cavaliers,Clippers,0.0,0.0,0.0,0.0,8.0,1.0,1.0,10.0
2026-02-04,10:30 pm ET,Lonzo Ball,Cavaliers,Clippers,0.0,0.0,0.0,0.0,,,,
2026-02-04,10:30 pm ET,Thomas Bryant,Cavaliers,Clippers,0.0,0.0,0.0,0.0,8.0,8.0,0.0,16.0
2026-02-04,10:30 pm ET,De'Andre Hunter,Cavaliers,Clippers,0.0,0.0,0.0,0.0,,,,
2026-02-04,10:30 pm ET,Sam Merrill,Cavaliers,Clippers,0.0,0.0,0.0,0.0,11.0,1.0,0.0,12.0
2026-02-04,10:30 pm ET,Craig Porter Jr.,Cavaliers,Clippers,0.0,0.0,0.0,0.0,7.0,2.0,2.0,11.0
2026-02-04,10:30 pm ET,Bogdan Bogdanovic,Clippers,Cavaliers,0.0,0.0,0.0,0.0,2.0,1.0,1.0,4.0
2026-02-04,10:30 pm ET,John Collins,Clippers,Cavaliers,0.0,0.0,0.0,0.0,19.0,7.0,0.0,26.0
2026-02-04,10:30 pm ET,Kobe Brown,Clippers,Cavaliers,0.0,0.0,0.0,0.0,10.0,0.0,0.0,10.0
2026-02-04,10:30 pm ET,Cam Christie,Clippers,Cavaliers,0.0,0.0,0.0,0.0,2.0,1.0,0.0,3.0
2026-02-04,10:30 pm ET,Yanic Konan Niederhauser,Clippers,Cavaliers,0.0,0.0,0.0,0.0,10.0,8.0,0.0,18.0
2026-02-04,7:00 pm ET,Nikola Jokic,Nuggets,Knicks,26.26,10.9,10.06,47.22,30.0,14.0,10.0,54.0
2026-02-04,7:00 pm ET,Karl-Anthony Towns,Knicks,Nuggets,17.15,12.12,2.28,31.55,24.0,12.0,1.0,37.0
2026-02-04,7:00 pm ET,Jalen Brunson,Knicks,Nuggets,21.62,3.29,5.7,30.62,42.0,8.0,9.0,59.0
2026-02-04,7:00 pm ET,Peyton Watson,Nuggets,Knicks,19.04,4.41,2.63,26.08,10.0,5.0,2.0,17.0
2026-02-04,7:00 pm ET,OG Anunoby,Knicks,Nuggets,17.26,5.07,2.59,24.92,20.0,8.0,4.0,32.0
2026-02-04,7:00 pm ET,Josh Hart,Knicks,Nuggets,11.26,6.92,4.78,22.96,,,,
2026-02-04,7:00 pm ET,Jonas Valanciunas,Nuggets,Knicks,11.82,8.09,1.8,21.71,2.0,3.0,2.0,7.0
2026-02-04,7:00 pm ET,Miles McBride,Knicks,Nuggets,14.15,3.06,3.29,20.5,,,,
2026-02-04,7:00 pm ET,Mikal Bridges,Knicks,Nuggets,14.14,2.97,3.29,20.4,5.0,4.0,4.0,13.0
2026-02-04,7:00 pm ET,Tim Hardaway Jr.,Nuggets,Knicks,13.56,3.5,1.78,18.84,19.0,6.0,2.0,27.0
2026-02-04,7:00 pm ET,Mitchell Robinson,Knicks,Nuggets,5.74,9.14,0.74,15.62,10.0,8.0,0.0,18.0
2026-02-04,7:00 pm ET,Bruce Brown,Nuggets,Knicks,9.72,3.57,1.9,15.19,10.0,5.0,0.0,15.0
2026-02-04,7:00 pm ET,Landry Shamet,Knicks,Nuggets,9.77,2.03,1.67,13.46,16.0,2.0,3.0,21.0
2026-02-04,7:00 pm ET,Jalen Pickett,Nuggets,Knicks,6.39,3.28,2.73,12.39,0.0,0.0,0.0,0.0
2026-02-04,7:00 pm ET,Spencer Jones,Nuggets,Knicks,6.89,3.54,0.99,11.42,0.0,3.0,0.0,3.0
2026-02-04,7:00 pm ET,Zeke Nnaji,Nuggets,Knicks,4.69,4.07,0.72,9.47,0.0,0.0,0.0,0.0
2026-02-04,7:00 pm ET,Aaron Gordon,Nuggets,Knicks,0.0,0.0,0.0,0.0,,,,
2026-02-04,7:00 pm ET,Jamal Murray,Nuggets,Knicks,0.0,0.0,0.0,0.0,39.0,5.0,6.0,50.0
2026-02-04,7:00 pm ET,Julian Strawther,Nuggets,Knicks,0.0,0.0,0.0,0.0,11.0,3.0,1.0,15.0
2026-02-04,7:00 pm ET,Christian Braun,Nuggets,Knicks,0.0,0.0,0.0,0.0,6.0,7.0,6.0,19.0
2026-02-04,7:00 pm ET,DaRon Holmes II,Nuggets,Knicks,0.0,0.0,0.0,0.0,0.0,0.0,0.0,0.0
2026-02-04,7:00 pm ET,Hunter Tyson,Nuggets,Knicks,0.0,0.0,0.0,0.0,0.0,0.0,0.0,0.0
2026-02-04,7:00 pm ET,Curtis Jones,Nuggets,Knicks,0.0,0.0,0.0,0.0,,,,
2026-02-04,7:00 pm ET,Jordan Clarkson,Knicks,Nuggets,0.0,0.0,0.0,0.0,11.0,1.0,1.0,13.0
2026-02-04,7:00 pm ET,Guerschon Yabusele,Knicks,Nuggets,0.0,0.0,0.0,0.0,0.0,0.0,0.0,0.0
2026-02-04,7:00 pm ET,Ariel Hukporti,Knicks,Nuggets,0.0,0.0,0.0,0.0,0.0,0.0,0.0,0.0
2026-02-04,7:00 pm ET,Kevin McCullar Jr.,Knicks,Nuggets,0.0,0.0,0.0,0.0,0.0,1.0,2.0,3.0
2026-02-04,7:00 pm ET,Trey Jemison III,Knicks,Nuggets,0.0,0.0,0.0,0.0,,,,
2026-02-04,7:00 pm ET,Tyler Kolek,Knicks,Nuggets,0.0,0.0,0.0,0.0,1.0,1.0,4.0,6.0
2026-02-04,7:00 pm ET,Mohamed Diawara,Knicks,Nuggets,0.0,0.0,0.0,0.0,5.0,0.0,0.0,5.0
2026-02-04,7:30 pm ET,Anthony Edwards,Timberwolves,Raptors,29.7,6.15,3.8,39.65,30.0,8.0,5.0,43.0
2026-02-04,7:30 pm ET,Julius Randle,Timberwolves,Raptors,21.87,5.87,4.51,32.26,17.0,4.0,4.0,25.0
2026-02-04,7:30 pm ET,Scottie Barnes,Raptors,Timberwolves,18.74,7.67,5.74,32.15,22.0,10.0,8.0,40.0
2026-02-04,7:30 pm ET,Brandon Ingram,Raptors,Timberwolves,21.37,5.3,4.52,31.19,25.0,6.0,4.0,35.0
2026-02-04,7:30 pm ET,RJ Barrett,Raptors,Timberwolves,18.13,5.71,3.4,27.24,13.0,6.0,1.0,20.0
2026-02-04,7:30 pm ET,Naz Reid,Timberwolves,Raptors,15.01,7.1,3.05,25.16,17.0,8.0,3.0,28.0
2026-02-04,7:30 pm ET,Jaden McDaniels,Timberwolves,Raptors,14.48,4.28,3.36,22.12,19.0,1.0,4.0,24.0
2026-02-04,7:30 pm ET,Sandro Mamukelashvili,Raptors,Timberwolves,13.22,5.95,2.67,21.84,14.0,4.0,2.0,20.0
2026-02-04,7:30 pm ET,Collin Murray-Boyles,Raptors,Timberwolves,9.8,7.65,3.54,20.99,13.0,4.0,3.0,20.0
2026-02-04,7:30 pm ET,Donte DiVincenzo,Timberwolves,Raptors,12.28,3.99,3.68,19.95,15.0,6.0,5.0,26.0
2026-02-04,7:30 pm ET,Jamal Shead,Raptors,Timberwolves,7.24,2.64,3.56,13.44,7.0,2.0,4.0,13.0
2026-02-04,7:30 pm ET,Bones Hyland,Timberwolves,Raptors,6.34,2.17,2.3,10.82,20.0,7.0,3.0,30.0
2026-02-04,7:30 pm ET,Ja'Kobe Walter,Raptors,Timberwolves,6.74,2.28,1.39,10.41,3.0,0.0,1.0,4.0
2026-02-04,7:30 pm ET,Gradey Dick,Raptors,Timberwolves,6.49,2.56,0.92,9.97,6.0,4.0,0.0,10.0
2026-02-04,7:30 pm ET,Mike Conley,Timberwolves,Raptors,4.74,1.93,1.95,8.62,,,,
2026-02-04,7:30 pm ET,Jaylen Clark,Timberwolves,Raptors,3.64,2.0,0.95,6.59,0.0,0.0,0.0,0.0
2026-02-04,7:30 pm ET,Ochai Agbaji,Raptors,Timberwolves,3.39,1.51,0.58,5.48,,,,
2026-02-04,7:30 pm ET,Rudy Gobert,Timberwolves,Raptors,0.0,0.0,0.0,0.0,10.0,12.0,2.0,24.0
2026-02-04,7:30 pm ET,Joe Ingles,Timberwolves,Raptors,0.0,0.0,0.0,0.0,0.0,0.0,0.0,0.0
2026-02-04,7:30 pm ET,Joan Beringer,Timberwolves,Raptors,0.0,0.0,0.0,0.0,0.0,0.0,0.0,0.0
2026-02-04,7:30 pm ET,Immanuel Quickley,Raptors,Timberwolves,0.0,0.0,0.0,0.0,23.0,5.0,8.0,36.0
2026-02-04,7:30 pm ET,A.J. Lawson,Raptors,Timberwolves,0.0,0.0,0.0,0.0,,,,
2026-02-04,7:30 pm ET,Jonathan Mogbo,Raptors,Timberwolves,0.0,0.0,0.0,0.0,0.0,0.0,0.0,0.0
2026-02-04,7:30 pm ET,Jamison Battle,Raptors,Timberwolves,0.0,0.0,0.0,0.0,0.0,0.0,0.0,0.0
2026-02-04,7:30 pm ET,Alijah Martin,Raptors,Timberwolves,0.0,0.0,0.0,0.0,,,,
2026-02-04,8:00 pm ET,Giannis Antetokounmpo,Bucks,Pelicans,22.35,9.88,5.51,37.75,,,,
2026-02-04,8:00 pm ET,Alperen Sengun,Rockets,Celtics,21.59,9.45,5.76,36.79,13.0,9.0,3.0,25.0
2026-02-04,8:00 pm ET,Kevin Durant,Rockets,Celtics,25.16,4.82,5.29,35.27,15.0,5.0,1.0,21.0
2026-02-04,8:00 pm ET,Saddiq Bey,Pelicans,Bucks,21.59,6.25,3.11,30.95,22.0,3.0,2.0,27.0
2026-02-04,8:00 pm ET,Zion Williamson,Pelicans,Bucks,18.63,7.8,3.36,29.79,20.0,5.0,8.0,33.0
2026-02-04,8:00 pm ET,Trey Murphy III,Pelicans,Bucks,21.22,4.22,4.29,29.73,44.0,6.0,6.0,56.0
2026-02-04,8:00 pm ET,Amen Thompson,Rockets,Celtics,15.31,7.6,6.66,29.57,11.0,4.0,4.0,19.0
2026-02-04,8:00 pm ET,Ryan Rollins,Bucks,Pelicans,17.21,5.2,5.57,27.98,27.0,4.0,4.0,35.0
2026-02-04,8:00 pm ET,Kyle Kuzma,Bucks,Pelicans,16.72,6.39,3.97,27.08,7.0,6.0,9.0,22.0
2026-02-04,8:00 pm ET,Bobby Portis,Bucks,Pelicans,16.1,7.32,3.49,26.92,,,,
2026-02-04,8:00 pm ET,Payton Pritchard,Celtics,Rockets,16.47,3.46,4.88,24.81,27.0,3.0,7.0,37.0
2026-02-04,8:00 pm ET,Kevin Porter Jr.,Bucks,Pelicans,11.95,4.8,6.07,22.82,18.0,6.0,9.0,33.0
2026-02-04,8:00 pm ET,Myles Turner,Bucks,Pelicans,14.38,6.34,1.87,22.59,16.0,9.0,1.0,26.0
2026-02-04,8:00 pm ET,Derik Queen,Pelicans,Bucks,11.43,6.79,4.11,22.33,6.0,3.0,7.0,16.0
2026-02-04,8:00 pm ET,Tari Eason,Rockets,Celtics,13.42,7.0,1.63,22.05,10.0,4.0,1.0,15.0
2026-02-04,8:00 pm ET,Jabari Smith Jr.,Rockets,Celtics,13.9,5.74,2.0,21.64,13.0,4.0,3.0,20.0
2026-02-04,8:00 pm ET,Neemias Queta,Celtics,Rockets,10.14,7.25,1.88,19.27,10.0,19.0,2.0,31.0
2026-02-04,8:00 pm ET,Sam Hauser,Celtics,Rockets,12.0,4.38,1.7,18.08,0.0,0.0,0.0,0.0
2026-02-04,8:00 pm ET,Reed Sheppard,Rockets,Celtics,12.58,2.5,2.23,17.31,9.0,2.0,0.0,11.0
2026-02-04,8:00 pm ET,Herbert Jones,Pelicans,Bucks,10.3,3.1,2.82,16.22,7.0,2.0,2.0,11.0
2026-02-04,8:00 pm ET,Yves Missi,Pelicans,Bucks,7.53,6.23,1.48,15.24,7.0,7.0,1.0,15.0
2026-02-04,8:00 pm ET,AJ Green,Bucks,Pelicans,10.1,2.74,2.02,14.86,20.0,3.0,2.0,25.0
2026-02-04,8:00 pm ET,Jeremiah Fears,Pelicans,Bucks,9.54,3.22,1.76,14.52,13.0,2.0,4.0,19.0
2026-02-04,8:00 pm ET,Luka Garza,Celtics,Rockets,7.8,3.9,1.39,13.09,19.0,6.0,2.0,27.0
2026-02-04,8:00 pm ET,Baylor Scheierman,Celtics,Rockets,6.31,3.86,1.47,11.63,15.0,10.0,4.0,29.0
2026-02-04,8:00 pm ET,Josh Okogie,Rockets,Celtics,6.34,3.43,1.27,11.03,2.0,1.0,0.0,3.0
2026-02-04,8:00 pm ET,Hugo Gonzalez,Celtics,Rockets,5.19,3.47,0.83,9.49,2.0,3.0,0.0,5.0
2026-02-04,8:00 pm ET,Karlo Matkovic,Pelicans,Bucks,4.37,3.09,0.8,8.26,7.0,3.0,1.0,11.0
2026-02-04,8:00 pm ET,Jordan Walsh,Celtics,Rockets,4.72,2.59,0.82,8.13,2.0,4.0,0.0,6.0
2026-02-04,8:00 pm ET,Dorian Finney-Smith,Rockets,Celtics,4.2,2.21,0.89,7.29,,,,
2026-02-04,8:00 pm ET,Gary Harris,Bucks,Pelicans,3.45,2.35,1.4,7.2,,,,
2026-02-04,8:00 pm ET,Jaylen Brown,Celtics,Rockets,0.0,0.0,0.0,0.0,0.0,0.0,0.0,0.0
2026-02-04,8:00 pm ET,Derrick White,Celtics,Rockets,0.0,0.0,0.0,0.0,28.0,1.0,8.0,37.0
2026-02-04,8:00 pm ET,Anfernee Simons,Celtics,Rockets,0.0,0.0,0.0,0.0,,,,
2026-02-04,8:00 pm ET,Wendell Moore Jr.,Celtics,Rockets,0.0,0.0,0.0,0.0,,,,
2026-02-04,8:00 pm ET,Amari Williams,Celtics,Rockets,0.0,0.0,0.0,0.0,,,,
2026-02-04,8:00 pm ET,Steven Adams,Rockets,Celtics,0.0,0.0,0.0,0.0,,,,
2026-02-04,8:00 pm ET,Clint Capela,Rockets,Celtics,0.0,0.0,0.0,0.0,4.0,5.0,0.0,9.0
2026-02-04,8:00 pm ET,Aaron Holiday,Rockets,Celtics,0.0,0.0,0.0,0.0,9.0,2.0,2.0,13.0
2026-02-04,8:00 pm ET,Jae'Sean Tate,Rockets,Celtics,0.0,0.0,0.0,0.0,0.0,0.0,0.0,0.0
2026-02-04,8:00 pm ET,JD Davison,Rockets,Celtics,0.0,0.0,0.0,0.0,2.0,1.0,2.0,5.0
2026-02-04,8:00 pm ET,DeAndre Jordan,Pelicans,Bucks,0.0,0.0,0.0,0.0,0.0,0.0,0.0,0.0
2026-02-04,8:00 pm ET,Kevon Looney,Pelicans,Bucks,0.0,0.0,0.0,0.0,0.0,0.0,0.0,0.0
2026-02-04,8:00 pm ET,Jordan Poole,Pelicans,Bucks,0.0,0.0,0.0,0.0,0.0,0.0,0.0,0.0
2026-02-04,8:00 pm ET,Jose Alvarado,Pelicans,Bucks,0.0,0.0,0.0,0.0,9.0,5.0,1.0,15.0
2026-02-04,8:00 pm ET,Bryce McGowens,Pelicans,Bucks,0.0,0.0,0.0,0.0,,,,
2026-02-04,8:00 pm ET,Jordan Hawkins,Pelicans,Bucks,0.0,0.0,0.0,0.0,0.0,0.0,0.0,0.0
2026-02-04,8:00 pm ET,Micah Peavy,Pelicans,Bucks,0.0,0.0,0.0,0.0,2.0,2.0,0.0,4.0
2026-02-04,8:00 pm ET,Gary Trent Jr.,Bucks,Pelicans,0.0,0.0,0.0,0.0,13.0,0.0,2.0,15.0
2026-02-04,8:00 pm ET,Amir Coffey,Bucks,Pelicans,0.0,0.0,0.0,0.0,16.0,5.0,1.0,22.0
2026-02-04,8:00 pm ET,Cole Anthony,Bucks,Pelicans,0.0,0.0,0.0,0.0,0.0,0.0,0.0,0.0
2026-02-04,8:00 pm ET,Jericho Sims,Bucks,Pelicans,0.0,0.0,0.0,0.0,8.0,6.0,4.0,18.0
2026-02-04,8:00 pm ET,Jamaree Bouyea,Bucks,Pelicans,0.0,0.0,0.0,0.0,,,,
2026-02-04,8:00 pm ET,Pete Nance,Bucks,Pelicans,0.0,0.0,0.0,0.0,16.0,3.0,3.0,22.0
2026-02-04,8:00 pm ET,Andre Jackson Jr.,Bucks,Pelicans,0.0,0.0,0.0,0.0,0.0,1.0,1.0,2.0
2026-02-04,9:30 pm ET,Shai Gilgeous-Alexander,Thunder,Spurs,29.43,4.78,6.79,40.99,,,,
2026-02-04,9:30 pm ET,Victor Wembanyama,Spurs,Thunder,21.6,10.88,2.49,34.97,22.0,14.0,2.0,38.0
2026-02-04,9:30 pm ET,De'Aaron Fox,Spurs,Thunder,16.18,4.0,6.43,26.6,15.0,4.0,10.0,29.0
2026-02-04,9:30 pm ET,Chet Holmgren,Thunder,Spurs,15.24,9.02,1.81,26.07,0.0,0.0,0.0,0.0
2026-02-04,9:30 pm ET,Jalen Williams,Thunder,Spurs,15.95,3.72,5.45,25.11,,,,
2026-02-04,9:30 pm ET,Stephon Castle,Spurs,Thunder,11.14,4.51,5.97,21.63,14.0,3.0,4.0,21.0
2026-02-04,9:30 pm ET,Isaiah Hartenstein,Thunder,Spurs,9.64,8.69,2.21,20.54,0.0,0.0,0.0,0.0
2026-02-04,9:30 pm ET,Ajay Mitchell,Thunder,Spurs,13.08,3.69,3.38,20.16,,,,
2026-02-04,9:30 pm ET,Keldon Johnson,Spurs,Thunder,13.01,4.37,2.05,19.43,25.0,6.0,2.0,33.0
2026-02-04,9:30 pm ET,Dylan Harper,Spurs,Thunder,11.47,3.88,3.42,18.77,,,,
2026-02-04,9:30 pm ET,Julian Champagnie,Spurs,Thunder,11.91,5.35,1.47,18.73,8.0,5.0,3.0,16.0
2026-02-04,9:30 pm ET,Luguentz Dort,Thunder,Spurs,11.61,4.69,1.8,18.1,0.0,0.0,0.0,0.0
2026-02-04,9:30 pm ET,Devin Vassell,Spurs,Thunder,12.17,3.5,1.82,17.49,5.0,3.0,0.0,8.0
2026-02-04,9:30 pm ET,Cason Wallace,Thunder,Spurs,10.4,3.21,1.81,15.42,13.0,3.0,5.0,21.0
2026-02-04,9:30 pm ET,Jaylin Williams,Thunder,Spurs,7.51,5.08,2.58,15.17,24.0,12.0,4.0,40.0
2026-02-04,9:30 pm ET,Isaiah Joe,Thunder,Spurs,10.46,2.46,1.83,14.74,2.0,5.0,2.0,9.0
2026-02-04,9:30 pm ET,Kenrich Williams,Thunder,Spurs,8.57,3.95,1.77,14.29,25.0,9.0,2.0,36.0
2026-02-04,9:30 pm ET,Luke Kornet,Spurs,Thunder,5.5,6.22,1.36,13.07,4.0,15.0,2.0,21.0
2026-02-04,9:30 pm ET,Harrison Barnes,Spurs,Thunder,7.37,2.46,1.65,11.48,9.0,7.0,1.0,17.0
2026-02-04,9:30 pm ET,Branden Carlson,Thunder,Spurs,4.57,3.07,0.58,8.22,3.0,7.0,0.0,10.0
2026-02-04,9:30 pm ET,Malevy Leons,Thunder,Spurs,2.64,2.12,0.45,5.2,,,,
2026-02-04,9:30 pm ET,Alex Caruso,Thunder,Spurs,0.0,0.0,0.0,0.0,0.0,0.0,0.0,0.0
2026-02-04,9:30 pm ET,Aaron Wiggins,Thunder,Spurs,0.0,0.0,0.0,0.0,20.0,4.0,6.0,30.0
2026-02-04,9:30 pm ET,Ousmane Dieng,Thunder,Spurs,0.0,0.0,0.0,0.0,,,,
2026-02-04,9:30 pm ET,Brooks Barnhizer,Thunder,Spurs,0.0,0.0,0.0,0.0,14.0,3.0,5.0,22.0
2026-02-04,9:30 pm ET,Kelly Olynyk,Spurs,Thunder,0.0,0.0,0.0,0.0,,,,
2026-02-04,9:30 pm ET,Lindy Waters III,Spurs,Thunder,0.0,0.0,0.0,0.0,,,,
2026-02-04,9:30 pm ET,Micah Potter,Spurs,Thunder,0.0,0.0,0.0,0.0,,,,
2026-02-04,9:30 pm ET,Carter Bryant,Spurs,Thunder,0.0,0.0,0.0,0.0,11.0,5.0,1.0,17.0
2026-02-07,10:00 pm ET,Donovan Mitchell,Cavaliers,Kings,27.06,4.47,6.69,38.21,35.0,2.0,4.0,41.0
2026-02-07,10:00 pm ET,Ja Morant,Grizzlies,Blazers,21.25,3.22,8.42,32.89,,,,
2026-02-07,10:00 pm ET,Evan Mobley,Cavaliers,Kings,17.69,8.46,4.12,30.26,,,,
2026-02-07,10:00 pm ET,Jaren Jackson Jr.,Grizzlies,Blazers,21.31,6.3,2.43,30.04,,,,
2026-02-07,10:00 pm ET,Darius Garland,Cavaliers,Kings,19.23,2.41,6.56,28.2,,,,
2026-02-07,10:00 pm ET,Jaylon Tyson,Cavaliers,Kings,17.43,6.32,4.18,27.93,10.0,6.0,0.0,16.0
2026-02-07,10:00 pm ET,Domantas Sabonis,Kings,Cavaliers,13.22,9.43,4.95,27.6,0.0,0.0,0.0,0.0
2026-02-07,10:00 pm ET,Shaedon Sharpe,Blazers,Grizzlies,20.22,4.2,2.72,27.13,0.0,0.0,0.0,0.0
2026-02-07,10:00 pm ET,Russell Westbrook,Kings,Cavaliers,18.2,3.12,5.17,26.49,21.0,5.0,9.0,35.0
2026-02-07,10:00 pm ET,DeMar DeRozan,Kings,Cavaliers,18.93,3.46,4.06,26.45,13.0,2.0,3.0,18.0
2026-02-07,10:00 pm ET,Donovan Clingan,Blazers,Grizzlies,12.73,11.31,1.94,25.99,20.0,19.0,3.0,42.0
2026-02-07,10:00 pm ET,Jarrett Allen,Cavaliers,Kings,13.84,8.1,1.9,23.85,29.0,10.0,1.0,40.0
2026-02-07,10:00 pm ET,Jock Landale,Grizzlies,Blazers,14.11,7.58,1.94,23.64,,,,
2026-02-07,10:00 pm ET,Zach LaVine,Kings,Cavaliers,16.6,3.29,2.5,22.39,,,,
2026-02-07,10:00 pm ET,Toumani Camara,Blazers,Grizzlies,13.26,5.97,2.38,21.61,8.0,7.0,1.0,16.0
2026-02-07,10:00 pm ET,Cedric Coward,Grizzlies,Blazers,12.12,4.83,2.85,19.8,,,,
2026-02-07,10:00 pm ET,GG Jackson,Grizzlies,Blazers,12.67,5.01,2.08,19.76,,,,
2026-02-07,10:00 pm ET,Cam Spencer,Grizzlies,Blazers,10.87,2.75,5.51,19.12,,,,
2026-02-07,10:00 pm ET,Malik Monk,Kings,Cavaliers,13.31,2.56,3.12,18.98,,,,
2026-02-07,10:00 pm ET,Jaylen Wells,Grizzlies,Blazers,12.72,3.6,1.91,18.22,,,,
2026-02-07,10:00 pm ET,Caleb Love,Blazers,Grizzlies,12.46,2.63,2.97,18.06,17.0,0.0,8.0,25.0
2026-02-07,10:00 pm ET,Vince Williams Jr.,Grizzlies,Blazers,9.87,3.28,3.12,16.26,,,,
2026-02-07,10:00 pm ET,Maxime Raynaud,Kings,Cavaliers,8.66,6.41,1.07,16.15,14.0,7.0,0.0,21.0
2026-02-07,10:00 pm ET,Nique Clifford,Kings,Cavaliers,10.09,3.73,2.0,15.82,30.0,4.0,4.0,38.0
2026-02-07,10:00 pm ET,Dylan Cardwell,Kings,Cavaliers,5.98,7.78,1.38,15.14,12.0,11.0,4.0,27.0
2026-02-07,10:00 pm ET,Sidy Cissoko,Blazers,Grizzlies,8.83,3.1,1.7,13.63,7.0,10.0,4.0,21.0
2026-02-07,10:00 pm ET,Nae'Qwan Tomlin,Cavaliers,Kings,8.19,3.8,1.55,13.53,6.0,5.0,2.0,13.0
2026-02-07,10:00 pm ET,Dean Wade,Cavaliers,Kings,6.06,4.48,1.2,11.75,,,,
2026-02-07,10:00 pm ET,Walter Clayton Jr.,Grizzlies,Blazers,6.72,1.85,2.6,11.16,,,,
2026-02-07,10:00 pm ET,Tyrese Proctor,Cavaliers,Kings,4.53,0.95,1.36,6.84,0.0,0.0,0.0,0.0
2026-02-07,10:00 pm ET,Kentavious Caldwell-Pope,Grizzlies,Blazers,0.0,0.0,0.0,0.0,,,,
2026-02-07,10:00 pm ET,Kyle Anderson,Grizzlies,Blazers,0.0,0.0,0.0,0.0,,,,
2026-02-07,10:00 pm ET,Brandon Clarke,Grizzlies,Blazers,0.0,0.0,0.0,0.0,,,,
2026-02-07,10:00 pm ET,Charles Bassey,Grizzlies,Blazers,0.0,0.0,0.0,0.0,,,,
2026-02-07,10:00 pm ET,John Konchar,Grizzlies,Blazers,0.0,0.0,0.0,0.0,,,,
2026-02-07,10:00 pm ET,Santi Aldama,Grizzlies,Blazers,0.0,0.0,0.0,0.0,,,,
2026-02-07,10:00 pm ET,Scotty Pippen Jr.,Grizzlies,Blazers,0.0,0.0,0.0,0.0,,,,
2026-02-07,10:00 pm ET,Christian Koloko,Grizzlies,Blazers,0.0,0.0,0.0,0.0,,,,
2026-02-07,10:00 pm ET,Taylor Hendricks,Grizzlies,Blazers,0.0,0.0,0.0,0.0,,,,
2026-02-07,10:00 pm ET,Kobe Bufkin,Grizzlies,Blazers,0.0,0.0,0.0,0.0,,,,
2026-02-07,10:00 pm ET,Olivier-Maxence Prosper,Grizzlies,Blazers,0.0,0.0,0.0,0.0,,,,
2026-02-07,10:00 pm ET,PJ Hall,Grizzlies,Blazers,0.0,0.0,0.0,0.0,,,,
2026-02-07,10:00 pm ET,Javon Small,Grizzlies,Blazers,0.0,0.0,0.0,0.0,,,,
2026-02-07,10:00 pm ET,Jahmai Mashack,Grizzlies,Blazers,0.0,0.0,0.0,0.0,,,,
2026-02-07,10:00 pm ET,Jrue Holiday,Blazers,Grizzlies,0.0,0.0,0.0,0.0,21.0,2.0,4.0,27.0
2026-02-07,10:00 pm ET,Jerami Grant,Blazers,Grizzlies,0.0,0.0,0.0,0.0,29.0,5.0,3.0,37.0
2026-02-07,10:00 pm ET,Robert Williams III,Blazers,Grizzlies,0.0,0.0,0.0,0.0,0.0,0.0,0.0,0.0
2026-02-07,10:00 pm ET,Matisse Thybulle,Blazers,Grizzlies,0.0,0.0,0.0,0.0,,,,
2026-02-07,10:00 pm ET,Deni Avdija,Blazers,Grizzlies,0.0,0.0,0.0,0.0,0.0,0.0,0.0,0.0
2026-02-07,10:00 pm ET,Vit Krejci,Blazers,Grizzlies,0.0,0.0,0.0,0.0,10.0,3.0,4.0,17.0
2026-02-07,10:00 pm ET,Scoot Henderson,Blazers,Grizzlies,0.0,0.0,0.0,0.0,0.0,0.0,0.0,0.0
2026-02-07,10:00 pm ET,Blake Wesley,Blazers,Grizzlies,0.0,0.0,0.0,0.0,10.0,1.0,0.0,11.0
2026-02-07,10:00 pm ET,Kris Murray,Blazers,Grizzlies,0.0,0.0,0.0,0.0,,,,
2026-02-07,10:00 pm ET,Javonte Cooke,Blazers,Grizzlies,0.0,0.0,0.0,0.0,0.0,0.0,0.0,0.0
2026-02-07,10:00 pm ET,Rayan Rupert,Blazers,Grizzlies,0.0,0.0,0.0,0.0,0.0,0.0,3.0,3.0
2026-02-07,10:00 pm ET,Duop Reath,Blazers,Grizzlies,0.0,0.0,0.0,0.0,,,,
2026-02-07,10:00 pm ET,Hansen Yang,Blazers,Grizzlies,0.0,0.0,0.0,0.0,0.0,1.0,0.0,1.0
2026-02-07,10:00 pm ET,Larry Nance Jr.,Cavaliers,Kings,0.0,0.0,0.0,0.0,0.0,0.0,0.0,0.0
2026-02-07,10:00 pm ET,Lonzo Ball,Cavaliers,Kings,0.0,0.0,0.0,0.0,,,,
2026-02-07,10:00 pm ET,Thomas Bryant,Cavaliers,Kings,0.0,0.0,0.0,0.0,10.0,3.0,2.0,15.0
2026-02-07,10:00 pm ET,De'Andre Hunter,Cavaliers,Kings,0.0,0.0,0.0,0.0,,,,
2026-02-07,10:00 pm ET,Sam Merrill,Cavaliers,Kings,0.0,0.0,0.0,0.0,2.0,1.0,2.0,5.0
2026-02-07,10:00 pm ET,Craig Porter Jr.,Cavaliers,Kings,0.0,0.0,0.0,0.0,4.0,3.0,4.0,11.0
2026-02-07,10:00 pm ET,Dennis Schroder,Kings,Cavaliers,0.0,0.0,0.0,0.0,,,,
2026-02-07,10:00 pm ET,Doug McDermott,Kings,Cavaliers,0.0,0.0,0.0,0.0,0.0,1.0,0.0,1.0
2026-02-07,10:00 pm ET,Dario Saric,Kings,Cavaliers,0.0,0.0,0.0,0.0,,,,
2026-02-07,10:00 pm ET,De'Andre Hunter,Kings,Cavaliers,0.0,0.0,0.0,0.0,,,,
2026-02-07,10:00 pm ET,Precious Achiuwa,Kings,Cavaliers,0.0,0.0,0.0,0.0,2.0,2.0,2.0,6.0
2026-02-07,10:00 pm ET,Keegan Murray,Kings,Cavaliers,0.0,0.0,0.0,0.0,,,,
2026-02-07,10:00 pm ET,Keon Ellis,Kings,Cavaliers,0.0,0.0,0.0,0.0,,,,
2026-02-07,10:00 pm ET,Daeqwon Plowden,Kings,Cavaliers,0.0,0.0,0.0,0.0,16.0,6.0,4.0,26.0
2026-02-07,10:00 pm ET,Devin Carter,Kings,Cavaliers,0.0,0.0,0.0,0.0,18.0,4.0,4.0,26.0
2026-02-07,3:00 pm ET,Brandon Miller,Nets,Wizards,21.92,5.76,3.05,30.73,,,,
2026-02-07,3:00 pm ET,LaMelo Ball,Nets,Wizards,19.29,3.73,7.05,30.08,,,,
2026-02-07,3:00 pm ET,Alex Sarr,Wizards,Nets,17.65,8.87,2.25,28.77,0.0,0.0,0.0,0.0
2026-02-07,3:00 pm ET,Kon Knueppel,Nets,Wizards,16.61,5.94,3.74,26.29,,,,
2026-02-07,3:00 pm ET,CJ McCollum,Wizards,Nets,18.45,3.9,3.4,25.75,,,,
2026-02-07,3:00 pm ET,Kyshawn George,Wizards,Nets,15.35,5.59,4.59,25.53,0.0,0.0,0.0,0.0
2026-02-07,3:00 pm ET,Miles Bridges,Nets,Wizards,15.08,4.76,3.1,22.94,,,,
2026-02-07,3:00 pm ET,Moussa Diabate,Nets,Wizards,9.45,9.1,1.83,20.38,,,,
2026-02-07,3:00 pm ET,Nic Claxton,Nets,Wizards,9.53,6.12,3.64,19.29,11.0,5.0,4.0,20.0
2026-02-07,3:00 pm ET,Will Riley,Wizards,Nets,13.11,3.35,2.67,19.13,27.0,3.0,2.0,32.0
2026-02-07,3:00 pm ET,Day'Ron Sharpe,Nets,Wizards,8.98,8.41,1.73,19.12,19.0,9.0,4.0,32.0
2026-02-07,3:00 pm ET,Bub Carrington,Wizards,Nets,11.28,2.65,3.94,17.87,11.0,2.0,4.0,17.0
2026-02-07,3:00 pm ET,Danny Wolf,Nets,Wizards,9.52,5.25,2.02,16.8,16.0,7.0,6.0,29.0
2026-02-07,3:00 pm ET,Bilal Coulibaly,Wizards,Nets,9.83,4.04,2.48,16.35,0.0,0.0,0.0,0.0
2026-02-07,3:00 pm ET,Corey Kispert,Wizards,Nets,11.61,2.72,1.96,16.28,,,,
2026-02-07,3:00 pm ET,Noah Clowney,Nets,Wizards,9.0,4.62,1.31,14.93,18.0,3.0,2.0,23.0
2026-02-07,3:00 pm ET,Collin Sexton,Nets,Wizards,9.43,1.73,2.3,13.46,,,,
2026-02-07,3:00 pm ET,Ryan Kalkbrenner,Nets,Wizards,6.36,5.07,0.69,12.12,,,,
2026-02-07,3:00 pm ET,Grant Williams,Nets,Wizards,6.33,3.94,1.12,11.39,,,,
2026-02-07,3:00 pm ET,Sion James,Nets,Wizards,4.61,3.52,1.11,9.23,,,,
2026-02-07,3:00 pm ET,Josh Green,Nets,Wizards,4.31,2.23,0.94,7.48,,,,
2026-02-07,3:00 pm ET,Khris Middleton,Wizards,Nets,0.0,0.0,0.0,0.0,,,,
2026-02-07,3:00 pm ET,Marvin Bagley III,Wizards,Nets,0.0,0.0,0.0,0.0,,,,
2026-02-07,3:00 pm ET,Anthony Gill,Wizards,Nets,0.0,0.0,0.0,0.0,9.0,5.0,2.0,16.0
2026-02-07,3:00 pm ET,Sharife Cooper,Wizards,Nets,0.0,0.0,0.0,0.0,14.0,5.0,3.0,22.0
2026-02-07,3:00 pm ET,Justin Champagnie,Wizards,Nets,0.0,0.0,0.0,0.0,21.0,9.0,2.0,32.0
2026-02-07,3:00 pm ET,Malaki Branham,Wizards,Nets,0.0,0.0,0.0,0.0,,,,
2026-02-07,3:00 pm ET,Tristan Vukcevic,Wizards,Nets,0.0,0.0,0.0,0.0,14.0,2.0,2.0,18.0
2026-02-07,3:00 pm ET,AJ Johnson,Wizards,Nets,0.0,0.0,0.0,0.0,,,,
2026-02-07,3:00 pm ET,Jamir Watkins,Wizards,Nets,0.0,0.0,0.0,0.0,13.0,1.0,1.0,15.0
2026-02-07,3:00 pm ET,Tre Johnson,Wizards,Nets,0.0,0.0,0.0,0.0,0.0,0.0,0.0,0.0
2026-02-07,3:00 pm ET,Pat Connaughton,Nets,Wizards,0.0,0.0,0.0,0.0,,,,
2026-02-07,3:00 pm ET,Michael Porter Jr.,Nets,Wizards,0.0,0.0,0.0,0.0,23.0,6.0,3.0,32.0
2026-02-07,3:00 pm ET,Terance Mann,Nets,Wizards,0.0,0.0,0.0,0.0,6.0,4.0,5.0,15.0
2026-02-07,3:00 pm ET,Coby White,Nets,Wizards,0.0,0.0,0.0,0.0,,,,
2026-02-07,3:00 pm ET,Ziaire Williams,Nets,Wizards,0.0,0.0,0.0,0.0,0.0,0.0,0.0,0.0
2026-02-07,3:00 pm ET,Tre Mann,Nets,Wizards,0.0,0.0,0.0,0.0,,,,
2026-02-07,3:00 pm ET,Cam Thomas,Nets,Wizards,0.0,0.0,0.0,0.0,,,,
2026-02-07,3:00 pm ET,Jalen Wilson,Nets,Wizards,0.0,0.0,0.0,0.0,0.0,0.0,0.0,0.0
2026-02-07,3:00 pm ET,Drew Timme,Nets,Wizards,0.0,0.0,0.0,0.0,,,,
2026-02-07,3:00 pm ET,Tyrese Martin,Nets,Wizards,0.0,0.0,0.0,0.0,,,,
2026-02-07,3:00 pm ET,Kobe Bufkin,Nets,Wizards,0.0,0.0,0.0,0.0,,,,
2026-02-07,3:00 pm ET,PJ Hall,Nets,Wizards,0.0,0.0,0.0,0.0,,,,
2026-02-07,3:00 pm ET,Antonio Reeves,Nets,Wizards,0.0,0.0,0.0,0.0,,,,
2026-02-07,3:00 pm ET,Tidjane Salaun,Nets,Wizards,0.0,0.0,0.0,0.0,,,,
2026-02-07,3:00 pm ET,Nolan Traore,Nets,Wizards,0.0,0.0,0.0,0.0,15.0,3.0,4.0,22.0
2026-02-07,3:00 pm ET,Egor Demin,Nets,Wizards,0.0,0.0,0.0,0.0,4.0,2.0,2.0,8.0
2026-02-07,3:00 pm ET,Liam McNeeley,Nets,Wizards,0.0,0.0,0.0,0.0,,,,
2026-02-07,3:00 pm ET,Ben Saraf,Nets,Wizards,0.0,0.0,0.0,0.0,10.0,4.0,4.0,18.0
2026-02-07,3:00 pm ET,Drake Powell,Nets,Wizards,0.0,0.0,0.0,0.0,5.0,2.0,2.0,9.0
2026-02-07,3:30 pm ET,Shai Gilgeous-Alexander,Thunder,Rockets,29.52,4.64,6.86,41.02,,,,
2026-02-07,3:30 pm ET,Alperen Sengun,Rockets,Thunder,20.78,9.42,5.43,35.63,17.0,12.0,11.0,40.0
2026-02-07,3:30 pm ET,Kevin Durant,Rockets,Thunder,24.09,4.74,4.42,33.25,20.0,1.0,4.0,25.0
2026-02-07,3:30 pm ET,Amen Thompson,Rockets,Thunder,13.96,6.63,6.42,27.01,0.0,0.0,0.0,0.0
2026-02-07,3:30 pm ET,Jalen Williams,Thunder,Rockets,15.69,3.77,5.4,24.85,,,,
2026-02-07,3:30 pm ET,Jabari Smith Jr.,Rockets,Thunder,14.05,5.93,2.33,22.31,22.0,10.0,0.0,32.0
2026-02-07,3:30 pm ET,Ajay Mitchell,Thunder,Rockets,13.74,3.59,3.43,20.76,0.0,0.0,0.0,0.0
2026-02-07,3:30 pm ET,Kenrich Williams,Thunder,Rockets,10.52,5.01,2.24,17.77,3.0,2.0,1.0,6.0
2026-02-07,3:30 pm ET,Jaylin Williams,Thunder,Rockets,8.59,5.86,2.84,17.29,6.0,3.0,1.0,10.0
2026-02-07,3:30 pm ET,Reed Sheppard,Rockets,Thunder,12.21,2.66,2.2,17.06,16.0,3.0,6.0,25.0
2026-02-07,3:30 pm ET,Cason Wallace,Thunder,Rockets,11.48,3.41,2.13,17.02,23.0,4.0,4.0,31.0
2026-02-07,3:30 pm ET,Isaiah Joe,Thunder,Rockets,10.5,2.77,1.83,15.1,21.0,3.0,2.0,26.0
2026-02-07,3:30 pm ET,Clint Capela,Rockets,Thunder,5.5,5.49,0.89,11.88,0.0,1.0,1.0,2.0
2026-02-07,3:30 pm ET,Josh Okogie,Rockets,Thunder,5.62,3.35,0.91,9.87,0.0,2.0,0.0,2.0
2026-02-07,3:30 pm ET,Branden Carlson,Thunder,Rockets,4.35,3.08,0.57,8.0,,,,
2026-02-07,3:30 pm ET,Dorian Finney-Smith,Rockets,Thunder,4.33,2.15,0.84,7.31,3.0,0.0,1.0,4.0
2026-02-07,3:30 pm ET,Steven Adams,Rockets,Thunder,0.0,0.0,0.0,0.0,,,,
2026-02-07,3:30 pm ET,Aaron Holiday,Rockets,Thunder,0.0,0.0,0.0,0.0,0.0,0.0,0.0,0.0
2026-02-07,3:30 pm ET,Jae'Sean Tate,Rockets,Thunder,0.0,0.0,0.0,0.0,,,,
2026-02-07,3:30 pm ET,Tari Eason,Rockets,Thunder,0.0,0.0,0.0,0.0,26.0,8.0,1.0,35.0
2026-02-07,3:30 pm ET,JD Davison,Rockets,Thunder,0.0,0.0,0.0,0.0,8.0,4.0,1.0,13.0
2026-02-07,3:30 pm ET,Isaiah Crawford,Rockets,Thunder,0.0,0.0,0.0,0.0,0.0,0.0,0.0,0.0
2026-02-07,3:30 pm ET,Alex Caruso,Thunder,Rockets,0.0,0.0,0.0,0.0,8.0,2.0,1.0,11.0
2026-02-07,3:30 pm ET,Isaiah Hartenstein,Thunder,Rockets,0.0,0.0,0.0,0.0,4.0,8.0,11.0,23.0
2026-02-07,3:30 pm ET,Luguentz Dort,Thunder,Rockets,0.0,0.0,0.0,0.0,2.0,2.0,3.0,7.0
2026-02-07,3:30 pm ET,Aaron Wiggins,Thunder,Rockets,0.0,0.0,0.0,0.0,17.0,2.0,1.0,20.0
2026-02-07,3:30 pm ET,Chet Holmgren,Thunder,Rockets,0.0,0.0,0.0,0.0,17.0,14.0,0.0,31.0
2026-02-07,3:30 pm ET,Ousmane Dieng,Thunder,Rockets,0.0,0.0,0.0,0.0,,,,
2026-02-07,3:30 pm ET,Malevy Leons,Thunder,Rockets,0.0,0.0,0.0,0.0,,,,
2026-02-07,3:30 pm ET,Chris Youngblood,Thunder,Rockets,0.0,0.0,0.0,0.0,,,,
2026-02-07,3:30 pm ET,Brooks Barnhizer,Thunder,Rockets,0.0,0.0,0.0,0.0,,,,
2026-02-07,6:00 pm ET,Cooper Flagg,Mavericks,Spurs,28.02,7.16,3.95,39.12,14.0,4.0,4.0,22.0
2026-02-07,6:00 pm ET,Victor Wembanyama,Spurs,Mavericks,21.38,11.15,2.53,35.06,16.0,11.0,1.0,28.0
2026-02-07,6:00 pm ET,Anthony Davis,Mavericks,Spurs,20.52,10.77,2.42,33.71,,,,
2026-02-07,6:00 pm ET,Naji Marshall,Mavericks,Spurs,19.32,7.31,3.86,30.48,6.0,3.0,5.0,14.0
2026-02-07,6:00 pm ET,De'Aaron Fox,Spurs,Mavericks,15.76,3.69,7.0,26.44,15.0,2.0,5.0,22.0
2026-02-07,6:00 pm ET,Max Christie,Mavericks,Spurs,16.33,3.76,2.76,22.84,17.0,3.0,3.0,23.0
2026-02-07,6:00 pm ET,Keldon Johnson,Spurs,Mavericks,14.52,4.67,2.37,21.57,8.0,4.0,0.0,12.0
2026-02-07,6:00 pm ET,Stephon Castle,Spurs,Mavericks,11.3,3.99,5.4,20.69,40.0,12.0,12.0,64.0
2026-02-07,6:00 pm ET,Dylan Harper,Spurs,Mavericks,11.61,3.84,3.26,18.7,11.0,4.0,5.0,20.0
2026-02-07,6:00 pm ET,Julian Champagnie,Spurs,Mavericks,11.38,5.06,1.59,18.03,5.0,2.0,0.0,7.0
2026-02-07,6:00 pm ET,Devin Vassell,Spurs,Mavericks,12.03,3.39,1.94,17.35,17.0,4.0,6.0,27.0
2026-02-07,6:00 pm ET,Caleb Martin,Mavericks,Spurs,8.07,5.41,3.06,16.55,11.0,5.0,2.0,18.0
2026-02-07,6:00 pm ET,Luke Kornet,Spurs,Mavericks,5.81,6.42,1.54,13.77,6.0,4.0,3.0,13.0
2026-02-07,6:00 pm ET,Harrison Barnes,Spurs,Mavericks,8.87,3.13,1.65,13.65,9.0,1.0,1.0,11.0
2026-02-07,6:00 pm ET,Moussa Cisse,Mavericks,Spurs,4.85,6.55,0.62,12.02,,,,
2026-02-07,6:00 pm ET,Ryan Nembhard,Mavericks,Spurs,5.25,1.8,3.44,10.49,,,,
2026-02-07,6:00 pm ET,Dwight Powell,Mavericks,Spurs,3.9,5.49,0.94,10.33,1.0,1.0,0.0,2.0
2026-02-07,6:00 pm ET,Klay Thompson,Mavericks,Spurs,0.0,0.0,0.0,0.0,19.0,1.0,2.0,22.0
2026-02-07,6:00 pm ET,D'Angelo Russell,Mavericks,Spurs,0.0,0.0,0.0,0.0,,,,
2026-02-07,6:00 pm ET,P.J. Washington,Mavericks,Spurs,0.0,0.0,0.0,0.0,10.0,5.0,3.0,18.0
2026-02-07,6:00 pm ET,Daniel Gafford,Mavericks,Spurs,0.0,0.0,0.0,0.0,9.0,4.0,2.0,15.0
2026-02-07,6:00 pm ET,Brandon Williams,Mavericks,Spurs,0.0,0.0,0.0,0.0,18.0,3.0,4.0,25.0
2026-02-07,6:00 pm ET,Jeremiah Robinson-Earl,Mavericks,Spurs,0.0,0.0,0.0,0.0,,,,
2026-02-07,6:00 pm ET,Jaden Hardy,Mavericks,Spurs,0.0,0.0,0.0,0.0,,,,
2026-02-07,6:00 pm ET,Miles Kelly,Mavericks,Spurs,0.0,0.0,0.0,0.0,,,,
2026-02-07,6:00 pm ET,Kelly Olynyk,Spurs,Mavericks,0.0,0.0,0.0,0.0,0.0,2.0,1.0,3.0
2026-02-07,6:00 pm ET,Lindy Waters III,Spurs,Mavericks,0.0,0.0,0.0,0.0,,,,
2026-02-07,6:00 pm ET,Micah Potter,Spurs,Mavericks,0.0,0.0,0.0,0.0,,,,
2026-02-07,6:00 pm ET,Carter Bryant,Spurs,Mavericks,0.0,0.0,0.0,0.0,11.0,5.0,0.0,16.0
2026-02-07,7:00 pm ET,Paolo Banchero,Magic,Jazz,22.06,7.95,4.63,34.65,23.0,7.0,8.0,38.0
2026-02-07,7:00 pm ET,Isaiah Collier,Jazz,Magic,15.73,3.8,7.6,27.14,20.0,2.0,10.0,32.0
2026-02-07,7:00 pm ET,Jalen Suggs,Magic,Jazz,14.33,4.38,6.03,24.74,12.0,7.0,6.0,25.0
2026-02-07,7:00 pm ET,Desmond Bane,Magic,Jazz,17.73,3.5,3.07,24.3,22.0,3.0,2.0,27.0
2026-02-07,7:00 pm ET,Franz Wagner,Magic,Jazz,16.78,4.83,2.53,24.14,,,,
2026-02-07,7:00 pm ET,Anthony Black,Magic,Jazz,16.11,3.71,4.16,23.98,21.0,3.0,4.0,28.0
2026-02-07,7:00 pm ET,Ace Bailey,Jazz,Magic,16.05,4.77,2.25,23.08,10.0,3.0,3.0,16.0
2026-02-07,7:00 pm ET,Kyle Filipowski,Jazz,Magic,11.4,8.32,2.59,22.31,9.0,5.0,0.0,14.0
2026-02-07,7:00 pm ET,Brice Sensabaugh,Jazz,Magic,16.38,3.58,2.21,22.17,4.0,3.0,2.0,9.0
2026-02-07,7:00 pm ET,Wendell Carter Jr.,Magic,Jazz,10.57,5.3,1.88,17.75,8.0,6.0,1.0,15.0
2026-02-07,7:00 pm ET,Cody Williams,Jazz,Magic,9.68,3.54,1.54,14.75,0.0,2.0,0.0,2.0
2026-02-07,7:00 pm ET,Tristan da Silva,Magic,Jazz,7.36,2.45,1.47,11.29,8.0,2.0,2.0,12.0
2026-02-07,7:00 pm ET,Walter Clayton Jr.,Jazz,Magic,6.72,1.85,2.6,11.16,,,,
2026-02-07,7:00 pm ET,Noah Penda,Magic,Jazz,5.7,3.14,1.22,10.06,6.0,2.0,0.0,8.0
2026-02-07,7:00 pm ET,Kevin Love,Jazz,Magic,0.0,0.0,0.0,0.0,13.0,6.0,0.0,19.0
2026-02-07,7:00 pm ET,Kyle Anderson,Jazz,Magic,0.0,0.0,0.0,0.0,,,,
2026-02-07,7:00 pm ET,Jusuf Nurkic,Jazz,Magic,0.0,0.0,0.0,0.0,3.0,14.0,6.0,23.0
2026-02-07,7:00 pm ET,Lauri Markkanen,Jazz,Magic,0.0,0.0,0.0,0.0,27.0,7.0,1.0,35.0
2026-02-07,7:00 pm ET,Svi Mykhailiuk,Jazz,Magic,0.0,0.0,0.0,0.0,0.0,0.0,0.0,0.0
2026-02-07,7:00 pm ET,Taylor Hendricks,Jazz,Magic,0.0,0.0,0.0,0.0,,,,
2026-02-07,7:00 pm ET,Keyonte George,Jazz,Magic,0.0,0.0,0.0,0.0,5.0,1.0,1.0,7.0
2026-02-07,7:00 pm ET,Tyus Jones,Magic,Jazz,0.0,0.0,0.0,0.0,,,,
2026-02-07,7:00 pm ET,Jonathan Isaac,Magic,Jazz,0.0,0.0,0.0,0.0,0.0,0.0,0.0,0.0
2026-02-07,7:00 pm ET,Moritz Wagner,Magic,Jazz,0.0,0.0,0.0,0.0,13.0,8.0,0.0,21.0
2026-02-07,7:00 pm ET,Goga Bitadze,Magic,Jazz,0.0,0.0,0.0,0.0,0.0,0.0,0.0,0.0
2026-02-07,7:00 pm ET,Jett Howard,Magic,Jazz,0.0,0.0,0.0,0.0,2.0,0.0,1.0,3.0
2026-02-07,7:00 pm ET,Jase Richardson,Magic,Jazz,0.0,0.0,0.0,0.0,5.0,0.0,2.0,7.0
2026-02-07,7:30 pm ET,Brandon Miller,Hornets,Hawks,21.92,5.76,3.05,30.73,16.0,6.0,4.0,26.0
2026-02-07,7:30 pm ET,LaMelo Ball,Hornets,Hawks,19.29,3.73,7.05,30.08,19.0,1.0,9.0,29.0
2026-02-07,7:30 pm ET,Nickeil Alexander-Walker,Hawks,Hornets,19.53,3.44,4.28,27.25,13.0,2.0,10.0,25.0
2026-02-07,7:30 pm ET,Kon Knueppel,Hornets,Hawks,16.61,5.94,3.74,26.29,23.0,8.0,4.0,35.0
2026-02-07,7:30 pm ET,CJ McCollum,Hawks,Hornets,18.45,3.9,3.4,25.75,12.0,1.0,3.0,16.0
2026-02-07,7:30 pm ET,Jock Landale,Hawks,Hornets,14.11,7.58,1.94,23.64,5.0,0.0,1.0,6.0
2026-02-07,7:30 pm ET,Miles Bridges,Hornets,Hawks,15.08,4.76,3.1,22.94,26.0,6.0,5.0,37.0
2026-02-07,7:30 pm ET,Dyson Daniels,Hawks,Hornets,10.54,5.27,5.9,21.71,11.0,6.0,3.0,20.0
2026-02-07,7:30 pm ET,Moussa Diabate,Hornets,Hawks,9.45,9.1,1.83,20.38,11.0,15.0,2.0,28.0
2026-02-07,7:30 pm ET,Corey Kispert,Hawks,Hornets,11.61,2.72,1.96,16.28,8.0,2.0,2.0,12.0
2026-02-07,7:30 pm ET,Collin Sexton,Hornets,Hawks,9.43,1.73,2.3,13.46,,,,
2026-02-07,7:30 pm ET,Ryan Kalkbrenner,Hornets,Hawks,6.36,5.07,0.69,12.12,6.0,5.0,0.0,11.0
2026-02-07,7:30 pm ET,Luke Kennard,Hawks,Hornets,7.57,3.08,1.3,11.96,,,,
2026-02-07,7:30 pm ET,Mouhamed Gueye,Hawks,Hornets,6.66,3.76,1.21,11.63,0.0,0.0,0.0,0.0
2026-02-07,7:30 pm ET,Grant Williams,Hornets,Hawks,6.33,3.94,1.12,11.39,11.0,3.0,1.0,15.0
2026-02-07,7:30 pm ET,Sion James,Hornets,Hawks,4.61,3.52,1.11,9.23,3.0,3.0,4.0,10.0
2026-02-07,7:30 pm ET,Josh Green,Hornets,Hawks,4.31,2.23,0.94,7.48,8.0,1.0,0.0,9.0
2026-02-07,7:30 pm ET,Pat Connaughton,Hornets,Hawks,0.0,0.0,0.0,0.0,,,,
2026-02-07,7:30 pm ET,Coby White,Hornets,Hawks,0.0,0.0,0.0,0.0,0.0,0.0,0.0,0.0
2026-02-07,7:30 pm ET,Tre Mann,Hornets,Hawks,0.0,0.0,0.0,0.0,3.0,1.0,2.0,6.0
2026-02-07,7:30 pm ET,PJ Hall,Hornets,Hawks,0.0,0.0,0.0,0.0,,,,
2026-02-07,7:30 pm ET,Antonio Reeves,Hornets,Hawks,0.0,0.0,0.0,0.0,,,,
2026-02-07,7:30 pm ET,Tidjane Salaun,Hornets,Hawks,0.0,0.0,0.0,0.0,0.0,0.0,0.0,0.0
2026-02-07,7:30 pm ET,Liam McNeeley,Hornets,Hawks,0.0,0.0,0.0,0.0,,,,
2026-02-07,7:30 pm ET,Kristaps Porzingis,Hawks,Hornets,0.0,0.0,0.0,0.0,,,,
2026-02-07,7:30 pm ET,Charles Bassey,Hawks,Hornets,0.0,0.0,0.0,0.0,,,,
2026-02-07,7:30 pm ET,Onyeka Okongwu,Hawks,Hornets,0.0,0.0,0.0,0.0,16.0,6.0,2.0,24.0
2026-02-07,7:30 pm ET,Vit Krejci,Hawks,Hornets,0.0,0.0,0.0,0.0,,,,
2026-02-07,7:30 pm ET,Jalen Johnson,Hawks,Hornets,0.0,0.0,0.0,0.0,31.0,9.0,8.0,48.0
2026-02-07,7:30 pm ET,Christian Koloko,Hawks,Hornets,0.0,0.0,0.0,0.0,0.0,0.0,0.0,0.0
2026-02-07,7:30 pm ET,Duop Reath,Hawks,Hornets,0.0,0.0,0.0,0.0,,,,
2026-02-07,7:30 pm ET,Zaccharie Risacher,Hawks,Hornets,0.0,0.0,0.0,0.0,18.0,3.0,0.0,21.0
2026-02-07,7:30 pm ET,Asa Newell,Hawks,Hornets,0.0,0.0,0.0,0.0,5.0,1.0,1.0,7.0
2026-02-07,8:00 pm ET,Nikola Jokic,Nuggets,Bulls,26.54,10.91,10.03,47.48,22.0,14.0,17.0,53.0
2026-02-07,8:00 pm ET,Nikola Vucevic,Bulls,Nuggets,18.12,7.96,4.2,30.28,,,,
2026-02-07,8:00 pm ET,Peyton Watson,Nuggets,Bulls,18.79,4.29,2.67,25.75,0.0,0.0,0.0,0.0
2026-02-07,8:00 pm ET,Ayo Dosunmu,Bulls,Nuggets,17.5,4.4,3.72,25.62,,,,
2026-02-07,8:00 pm ET,Matas Buzelis,Bulls,Nuggets,15.01,5.64,2.84,23.49,21.0,8.0,3.0,32.0
2026-02-07,8:00 pm ET,Jalen Smith,Bulls,Nuggets,11.9,7.91,1.44,21.25,,,,
2026-02-07,8:00 pm ET,Jonas Valanciunas,Nuggets,Bulls,10.83,8.02,1.85,20.7,10.0,4.0,1.0,15.0
2026-02-07,8:00 pm ET,Tim Hardaway Jr.,Nuggets,Bulls,13.22,4.1,1.94,19.26,23.0,3.0,1.0,27.0
2026-02-07,8:00 pm ET,Bruce Brown,Nuggets,Bulls,10.43,3.72,1.9,16.06,10.0,3.0,4.0,17.0
2026-02-07,8:00 pm ET,Patrick Williams,Bulls,Nuggets,10.73,3.66,1.67,16.05,8.0,2.0,2.0,12.0
2026-02-07,8:00 pm ET,Isaac Okoro,Bulls,Nuggets,10.25,2.89,1.63,14.77,13.0,2.0,3.0,18.0
2026-02-07,8:00 pm ET,Jaden Ivey,Bulls,Nuggets,8.32,2.44,1.56,12.32,10.0,6.0,3.0,19.0
2026-02-07,8:00 pm ET,Spencer Jones,Nuggets,Bulls,6.29,3.26,0.82,10.37,,,,
2026-02-07,8:00 pm ET,Aaron Gordon,Nuggets,Bulls,0.0,0.0,0.0,0.0,,,,
2026-02-07,8:00 pm ET,Jamal Murray,Nuggets,Bulls,0.0,0.0,0.0,0.0,28.0,3.0,11.0,42.0
2026-02-07,8:00 pm ET,Jalen Pickett,Nuggets,Bulls,0.0,0.0,0.0,0.0,0.0,0.0,0.0,0.0
2026-02-07,8:00 pm ET,Zeke Nnaji,Nuggets,Bulls,0.0,0.0,0.0,0.0,0.0,1.0,0.0,1.0
2026-02-07,8:00 pm ET,Julian Strawther,Nuggets,Bulls,0.0,0.0,0.0,0.0,19.0,5.0,0.0,24.0
2026-02-07,8:00 pm ET,Christian Braun,Nuggets,Bulls,0.0,0.0,0.0,0.0,10.0,4.0,2.0,16.0
2026-02-07,8:00 pm ET,DaRon Holmes II,Nuggets,Bulls,0.0,0.0,0.0,0.0,0.0,0.0,0.0,0.0
2026-02-07,8:00 pm ET,Hunter Tyson,Nuggets,Bulls,0.0,0.0,0.0,0.0,,,,
2026-02-07,8:00 pm ET,Curtis Jones,Nuggets,Bulls,0.0,0.0,0.0,0.0,,,,
2026-02-07,8:00 pm ET,Guerschon Yabusele,Bulls,Nuggets,0.0,0.0,0.0,0.0,12.0,2.0,0.0,14.0
2026-02-07,8:00 pm ET,Zach Collins,Bulls,Nuggets,0.0,0.0,0.0,0.0,,,,
2026-02-07,8:00 pm ET,Jevon Carter,Bulls,Nuggets,0.0,0.0,0.0,0.0,,,,
2026-02-07,8:00 pm ET,Kevin Huerter,Bulls,Nuggets,0.0,0.0,0.0,0.0,,,,
2026-02-07,8:00 pm ET,Anfernee Simons,Bulls,Nuggets,0.0,0.0,0.0,0.0,15.0,4.0,6.0,25.0
2026-02-07,8:00 pm ET,Coby White,Bulls,Nuggets,0.0,0.0,0.0,0.0,,,,
2026-02-07,8:00 pm ET,Tre Jones,Bulls,Nuggets,0.0,0.0,0.0,0.0,0.0,0.0,0.0,0.0
2026-02-07,8:00 pm ET,Josh Giddey,Bulls,Nuggets,0.0,0.0,0.0,0.0,,,,
2026-02-07,8:00 pm ET,Dalen Terry,Bulls,Nuggets,0.0,0.0,0.0,0.0,,,,
2026-02-07,8:00 pm ET,Julian Phillips,Bulls,Nuggets,0.0,0.0,0.0,0.0,,,,
2026-02-07,8:00 pm ET,Lachlan Olbrich,Bulls,Nuggets,0.0,0.0,0.0,0.0,0.0,0.0,0.0,0.0
2026-02-07,8:30 pm ET,Luka Doncic,Lakers,Warriors,29.52,7.08,7.26,43.86,,,,
2026-02-07,8:30 pm ET,LeBron James,Lakers,Warriors,19.0,5.29,6.09,30.38,20.0,7.0,10.0,37.0
2026-02-07,8:30 pm ET,Stephen Curry,Warriors,Lakers,21.08,2.95,5.2,29.24,,,,
2026-02-07,8:30 pm ET,De'Anthony Melton,Warriors,Lakers,14.87,3.61,3.16,21.64,5.0,0.0,1.0,6.0
2026-02-07,8:30 pm ET,Deandre Ayton,Lakers,Warriors,11.51,7.49,1.39,20.38,0.0,0.0,0.0,0.0
2026-02-07,8:30 pm ET,Brandin Podziemski,Warriors,Lakers,10.38,4.59,4.58,19.56,14.0,6.0,4.0,24.0
2026-02-07,8:30 pm ET,Moses Moody,Warriors,Lakers,12.57,4.53,1.54,18.65,25.0,4.0,2.0,31.0
2026-02-07,8:30 pm ET,Al Horford,Warriors,Lakers,9.17,4.71,3.33,17.21,4.0,4.0,0.0,8.0
2026-02-07,8:30 pm ET,Draymond Green,Warriors,Lakers,8.04,4.43,4.06,16.53,9.0,4.0,6.0,19.0
2026-02-07,8:30 pm ET,Rui Hachimura,Lakers,Warriors,10.14,3.68,1.23,15.05,18.0,1.0,0.0,19.0
2026-02-07,8:30 pm ET,Jake LaRavia,Lakers,Warriors,8.23,3.58,1.55,13.36,2.0,4.0,1.0,7.0
2026-02-07,8:30 pm ET,Marcus Smart,Lakers,Warriors,8.19,2.88,1.65,12.72,15.0,3.0,4.0,22.0
2026-02-07,8:30 pm ET,Quinten Post,Warriors,Lakers,7.1,4.3,1.07,12.47,0.0,1.0,0.0,1.0
2026-02-07,8:30 pm ET,Jarred Vanderbilt,Lakers,Warriors,5.48,4.84,1.28,11.6,13.0,8.0,2.0,23.0
2026-02-07,8:30 pm ET,Will Richard,Warriors,Lakers,6.47,2.48,2.05,10.99,0.0,0.0,1.0,1.0
2026-02-07,8:30 pm ET,Gabe Vincent,Lakers,Warriors,5.13,1.23,1.07,7.42,,,,
2026-02-07,8:30 pm ET,Jimmy Butler III,Warriors,Lakers,0.0,0.0,0.0,0.0,,,,
2026-02-07,8:30 pm ET,Seth Curry,Warriors,Lakers,0.0,0.0,0.0,0.0,,,,
2026-02-07,8:30 pm ET,Buddy Hield,Warriors,Lakers,0.0,0.0,0.0,0.0,,,,
2026-02-07,8:30 pm ET,Gary Payton II,Warriors,Lakers,0.0,0.0,0.0,0.0,13.0,5.0,1.0,19.0
2026-02-07,8:30 pm ET,Jonathan Kuminga,Warriors,Lakers,0.0,0.0,0.0,0.0,,,,
2026-02-07,8:30 pm ET,Pat Spencer,Warriors,Lakers,0.0,0.0,0.0,0.0,14.0,5.0,7.0,26.0
2026-02-07,8:30 pm ET,Gui Santos,Warriors,Lakers,0.0,0.0,0.0,0.0,15.0,8.0,3.0,26.0
2026-02-07,8:30 pm ET,Trayce Jackson-Davis,Warriors,Lakers,0.0,0.0,0.0,0.0,,,,
2026-02-07,8:30 pm ET,Malevy Leons,Warriors,Lakers,0.0,0.0,0.0,0.0,0.0,0.0,0.0,0.0
2026-02-07,8:30 pm ET,Maxi Kleber,Lakers,Warriors,0.0,0.0,0.0,0.0,5.0,7.0,1.0,13.0
2026-02-07,8:30 pm ET,Jaxson Hayes,Lakers,Warriors,0.0,0.0,0.0,0.0,6.0,4.0,1.0,11.0
2026-02-07,8:30 pm ET,Austin Reaves,Lakers,Warriors,0.0,0.0,0.0,0.0,16.0,5.0,8.0,29.0
2026-02-07,8:30 pm ET,Christian Koloko,Lakers,Warriors,0.0,0.0,0.0,0.0,,,,
2026-02-07,8:30 pm ET,Drew Timme,Lakers,Warriors,0.0,0.0,0.0,0.0,0.0,0.0,0.0,0.0
2026-02-07,8:30 pm ET,Kobe Bufkin,Lakers,Warriors,0.0,0.0,0.0,0.0,,,,
2026-02-07,9:00 pm ET,Joel Embiid,76ers,Suns,31.23,8.25,5.12,44.6,33.0,9.0,3.0,45.0
2026-02-07,9:00 pm ET,Tyrese Maxey,76ers,Suns,25.66,3.34,7.05,36.05,29.0,9.0,6.0,44.0
2026-02-07,9:00 pm ET,Devin Booker,Suns,76ers,24.11,3.87,5.9,33.88,21.0,2.0,9.0,32.0
2026-02-07,9:00 pm ET,Dillon Brooks,Suns,76ers,21.11,4.7,2.7,28.51,28.0,2.0,2.0,32.0
2026-02-07,9:00 pm ET,Grayson Allen,Suns,76ers,17.74,3.54,4.71,26.0,,,,
2026-02-07,9:00 pm ET,Collin Gillespie,Suns,76ers,15.68,3.93,4.64,24.25,6.0,4.0,2.0,12.0
2026-02-07,9:00 pm ET,VJ Edgecombe,76ers,Suns,14.67,5.67,3.71,24.05,5.0,6.0,2.0,13.0
2026-02-07,9:00 pm ET,Mark Williams,Suns,76ers,12.81,7.42,1.41,21.65,11.0,11.0,2.0,24.0
2026-02-07,9:00 pm ET,Kelly Oubre Jr.,76ers,Suns,13.68,4.76,2.1,20.53,18.0,6.0,2.0,26.0
2026-02-07,9:00 pm ET,Royce O'Neale,Suns,76ers,10.46,3.43,2.71,16.6,14.0,11.0,3.0,28.0
2026-02-07,9:00 pm ET,Jordan Goodwin,Suns,76ers,9.0,4.9,2.54,16.43,7.0,3.0,0.0,10.0
2026-02-07,9:00 pm ET,Oso Ighodaro,Suns,76ers,6.48,5.23,1.78,13.49,3.0,3.0,1.0,7.0
2026-02-07,9:00 pm ET,Dominick Barlow,76ers,Suns,7.56,3.57,1.17,12.3,6.0,4.0,0.0,10.0
2026-02-07,9:00 pm ET,Adem Bona,76ers,Suns,4.61,4.08,0.47,9.15,4.0,5.0,0.0,9.0
2026-02-07,9:00 pm ET,Ryan Dunn,Suns,76ers,4.76,2.46,0.94,8.16,3.0,1.0,0.0,4.0
2026-02-07,9:00 pm ET,Isaiah Livers,Suns,76ers,2.59,2.17,0.71,5.47,,,,
2026-02-07,9:00 pm ET,Kyle Lowry,76ers,Suns,0.0,0.0,0.0,0.0,0.0,0.0,0.0,0.0
2026-02-07,9:00 pm ET,Eric Gordon,76ers,Suns,0.0,0.0,0.0,0.0,,,,
2026-02-07,9:00 pm ET,Paul George,76ers,Suns,0.0,0.0,0.0,0.0,0.0,0.0,0.0,0.0
2026-02-07,9:00 pm ET,Andre Drummond,76ers,Suns,0.0,0.0,0.0,0.0,0.0,0.0,0.0,0.0
2026-02-07,9:00 pm ET,Charles Bassey,76ers,Suns,0.0,0.0,0.0,0.0,0.0,0.0,0.0,0.0
2026-02-07,9:00 pm ET,Quentin Grimes,76ers,Suns,0.0,0.0,0.0,0.0,6.0,4.0,3.0,13.0
2026-02-07,9:00 pm ET,Trendon Watford,76ers,Suns,0.0,0.0,0.0,0.0,6.0,7.0,2.0,15.0
2026-02-07,9:00 pm ET,Jabari Walker,76ers,Suns,0.0,0.0,0.0,0.0,,,,
2026-02-07,9:00 pm ET,Jared McCain,76ers,Suns,0.0,0.0,0.0,0.0,,,,
2026-02-07,9:00 pm ET,Justin Edwards,76ers,Suns,0.0,0.0,0.0,0.0,2.0,0.0,0.0,2.0
2026-02-07,9:00 pm ET,Nick Richards,Suns,76ers,0.0,0.0,0.0,0.0,,,,
2026-02-07,9:00 pm ET,Jamaree Bouyea,Suns,76ers,0.0,0.0,0.0,0.0,2.0,0.0,0.0,2.0
2026-02-10,10:30 pm ET,Luka Doncic,Lakers,Spurs,29.46,7.1,7.24,43.8,,,,
2026-02-10,10:30 pm ET,Victor Wembanyama,Spurs,Lakers,20.4,11.05,2.43,33.88,,,,
2026-02-10,10:30 pm ET,LeBron James,Lakers,Spurs,19.99,5.01,6.99,31.99,,,,
2026-02-10,10:30 pm ET,Stephon Castle,Spurs,Lakers,14.92,4.95,6.17,26.04,,,,
2026-02-10,10:30 pm ET,De'Aaron Fox,Spurs,Lakers,15.15,3.41,6.67,25.23,,,,
2026-02-10,10:30 pm ET,Keldon Johnson,Spurs,Lakers,13.46,4.65,2.17,20.27,,,,
2026-02-10,10:30 pm ET,Dylan Harper,Spurs,Lakers,11.56,3.8,3.25,18.61,,,,
2026-02-10,10:30 pm ET,Devin Vassell,Spurs,Lakers,12.79,3.46,2.2,18.44,,,,
2026-02-10,10:30 pm ET,Rui Hachimura,Lakers,Spurs,11.01,4.0,1.41,16.42,,,,
2026-02-10,10:30 pm ET,Julian Champagnie,Spurs,Lakers,10.34,4.66,1.38,16.38,,,,
2026-02-10,10:30 pm ET,Marcus Smart,Lakers,Spurs,9.8,3.09,2.42,15.32,,,,
2026-02-10,10:30 pm ET,Jake LaRavia,Lakers,Spurs,8.85,3.37,1.46,13.68,,,,
2026-02-10,10:30 pm ET,Luke Kornet,Spurs,Lakers,5.61,6.13,1.68,13.42,,,,
2026-02-10,10:30 pm ET,Harrison Barnes,Spurs,Lakers,8.95,2.7,1.66,13.31,,,,
2026-02-10,10:30 pm ET,Luke Kennard,Lakers,Spurs,8.19,3.04,1.46,12.68,,,,
2026-02-10,10:30 pm ET,Jarred Vanderbilt,Lakers,Spurs,6.14,4.83,1.3,12.27,,,,
2026-02-10,10:30 pm ET,Kelly Olynyk,Spurs,Lakers,0.0,0.0,0.0,0.0,,,,
2026-02-10,10:30 pm ET,Lindy Waters III,Spurs,Lakers,0.0,0.0,0.0,0.0,,,,
2026-02-10,10:30 pm ET,Carter Bryant,Spurs,Lakers,0.0,0.0,0.0,0.0,,,,
2026-02-10,10:30 pm ET,Maxi Kleber,Lakers,Spurs,0.0,0.0,0.0,0.0,,,,
2026-02-10,10:30 pm ET,Deandre Ayton,Lakers,Spurs,0.0,0.0,0.0,0.0,,,,
2026-02-10,10:30 pm ET,Gabe Vincent,Lakers,Spurs,0.0,0.0,0.0,0.0,,,,
2026-02-10,10:30 pm ET,Jaxson Hayes,Lakers,Spurs,0.0,0.0,0.0,0.0,,,,
2026-02-10,10:30 pm ET,Austin Reaves,Lakers,Spurs,0.0,0.0,0.0,0.0,,,,
2026-02-10,10:30 pm ET,Christian Koloko,Lakers,Spurs,0.0,0.0,0.0,0.0,,,,
2026-02-10,10:30 pm ET,Drew Timme,Lakers,Spurs,0.0,0.0,0.0,0.0,,,,
2026-02-10,10:30 pm ET,Kobe Bufkin,Lakers,Spurs,0.0,0.0,0.0,0.0,,,,
2026-02-10,10:30 pm ET,Bronny James,Lakers,Spurs,0.0,0.0,0.0,0.0,,,,
2026-02-10,7:30 pm ET,Jalen Brunson,Knicks,Pacers,24.33,3.9,6.02,34.25,,,,
2026-02-10,7:30 pm ET,Karl-Anthony Towns,Knicks,Pacers,14.56,11.32,2.01,27.9,,,,
2026-02-10,7:30 pm ET,Jarace Walker,Pacers,Knicks,15.09,5.61,2.27,22.97,,,,
2026-02-10,7:30 pm ET,Josh Hart,Knicks,Pacers,11.58,6.87,4.14,22.59,,,,
2026-02-10,7:30 pm ET,Mikal Bridges,Knicks,Pacers,14.33,3.17,3.42,20.92,,,,
2026-02-10,7:30 pm ET,Miles McBride,Knicks,Pacers,13.78,2.96,3.44,20.17,,,,
2026-02-10,7:30 pm ET,Landry Shamet,Knicks,Pacers,10.67,2.62,2.02,15.31,,,,
2026-02-10,7:30 pm ET,Mitchell Robinson,Knicks,Pacers,6.08,8.26,0.91,15.24,,,,
2026-02-10,7:30 pm ET,Jay Huff,Pacers,Knicks,9.03,4.57,1.39,14.98,,,,
2026-02-10,7:30 pm ET,Jose Alvarado,Knicks,Pacers,8.2,3.01,2.71,13.92,,,,
2026-02-10,7:30 pm ET,Johnny Furphy,Pacers,Knicks,6.29,5.54,2.05,13.88,,,,
2026-02-10,7:30 pm ET,Ben Sheppard,Pacers,Knicks,6.53,2.07,1.72,10.31,,,,
2026-02-10,7:30 pm ET,Isaiah Jackson,Pacers,Knicks,4.66,4.55,1.09,10.29,,,,
2026-02-10,7:30 pm ET,T.J. McConnell,Pacers,Knicks,0.0,0.0,0.0,0.0,,,,
2026-02-10,7:30 pm ET,Pascal Siakam,Pacers,Knicks,0.0,0.0,0.0,0.0,,,,
2026-02-10,7:30 pm ET,Tony Bradley,Pacers,Knicks,0.0,0.0,0.0,0.0,,,,
2026-02-10,7:30 pm ET,Andrew Nembhard,Pacers,Knicks,0.0,0.0,0.0,0.0,,,,
2026-02-10,7:30 pm ET,Aaron Nesmith,Pacers,Knicks,0.0,0.0,0.0,0.0,,,,
2026-02-10,7:30 pm ET,Jeremiah Robinson-Earl,Pacers,Knicks,0.0,0.0,0.0,0.0,,,,
2026-02-10,7:30 pm ET,Ethan Thompson,Pacers,Knicks,0.0,0.0,0.0,0.0,,,,
2026-02-10,7:30 pm ET,Micah Potter,Pacers,Knicks,0.0,0.0,0.0,0.0,,,,
2026-02-10,7:30 pm ET,Bennedict Mathurin,Pacers,Knicks,0.0,0.0,0.0,0.0,,,,
2026-02-10,7:30 pm ET,Quenton Jackson,Pacers,Knicks,0.0,0.0,0.0,0.0,,,,
2026-02-10,7:30 pm ET,Kam Jones,Pacers,Knicks,0.0,0.0,0.0,0.0,,,,
2026-02-10,7:30 pm ET,Taelon Peter,Pacers,Knicks,0.0,0.0,0.0,0.0,,,,
2026-02-10,7:30 pm ET,Jordan Clarkson,Knicks,Pacers,0.0,0.0,0.0,0.0,,,,
2026-02-10,7:30 pm ET,Guerschon Yabusele,Knicks,Pacers,0.0,0.0,0.0,0.0,,,,
2026-02-10,7:30 pm ET,OG Anunoby,Knicks,Pacers,0.0,0.0,0.0,0.0,,,,
2026-02-10,7:30 pm ET,Ariel Hukporti,Knicks,Pacers,0.0,0.0,0.0,0.0,,,,
2026-02-10,7:30 pm ET,Kevin McCullar Jr.,Knicks,Pacers,0.0,0.0,0.0,0.0,,,,
2026-02-10,7:30 pm ET,Trey Jemison III,Knicks,Pacers,0.0,0.0,0.0,0.0,,,,
2026-02-10,7:30 pm ET,Tyler Kolek,Knicks,Pacers,0.0,0.0,0.0,0.0,,,,
2026-02-10,7:30 pm ET,Mohamed Diawara,Knicks,Pacers,0.0,0.0,0.0,0.0,,,,
2026-02-10,8:00 pm ET,Kawhi Leonard,Clippers,Rockets,28.11,5.97,4.95,39.02,,,,
2026-02-10,8:00 pm ET,Alperen Sengun,Rockets,Clippers,20.64,9.56,5.47,35.68,,,,
2026-02-10,8:00 pm ET,James Harden,Clippers,Rockets,22.17,5.25,7.74,35.16,,,,
2026-02-10,8:00 pm ET,Kevin Durant,Rockets,Clippers,24.02,4.66,3.77,32.45,,,,
2026-02-10,8:00 pm ET,Ivica Zubac,Clippers,Rockets,11.49,10.6,1.39,23.48,,,,
2026-02-10,8:00 pm ET,Jabari Smith Jr.,Rockets,Clippers,14.45,6.21,2.34,23.0,,,,
2026-02-10,8:00 pm ET,John Collins,Clippers,Rockets,14.46,5.65,1.7,21.82,,,,
2026-02-10,8:00 pm ET,Reed Sheppard,Rockets,Clippers,12.4,2.8,2.33,17.52,,,,
2026-02-10,8:00 pm ET,Jordan Miller,Clippers,Rockets,10.61,3.83,1.75,16.18,,,,
2026-02-10,8:00 pm ET,Kris Dunn,Clippers,Rockets,8.0,3.02,3.75,14.77,,,,
2026-02-10,8:00 pm ET,Kobe Sanders,Clippers,Rockets,8.4,3.1,2.06,13.56,,,,
2026-02-10,8:00 pm ET,Derrick Jones Jr.,Clippers,Rockets,8.84,3.26,1.37,13.48,,,,
2026-02-10,8:00 pm ET,Brook Lopez,Clippers,Rockets,8.51,3.14,1.43,13.09,,,,
2026-02-10,8:00 pm ET,Clint Capela,Rockets,Clippers,4.96,5.17,0.83,10.96,,,,
2026-02-10,8:00 pm ET,Josh Okogie,Rockets,Clippers,5.14,3.16,0.82,9.12,,,,
2026-02-10,8:00 pm ET,Dorian Finney-Smith,Rockets,Clippers,4.52,2.1,0.93,7.56,,,,
2026-02-10,8:00 pm ET,Nicolas Batum,Clippers,Rockets,3.71,2.6,0.87,7.18,,,,
2026-02-10,8:00 pm ET,Bogdan Bogdanovic,Clippers,Rockets,0.0,0.0,0.0,0.0,,,,
2026-02-10,8:00 pm ET,TyTy Washington Jr.,Clippers,Rockets,0.0,0.0,0.0,0.0,,,,
2026-02-10,8:00 pm ET,Kobe Brown,Clippers,Rockets,0.0,0.0,0.0,0.0,,,,
2026-02-10,8:00 pm ET,Cam Christie,Clippers,Rockets,0.0,0.0,0.0,0.0,,,,
2026-02-10,8:00 pm ET,Yanic Konan Niederhauser,Clippers,Rockets,0.0,0.0,0.0,0.0,,,,
2026-02-10,8:00 pm ET,Steven Adams,Rockets,Clippers,0.0,0.0,0.0,0.0,,,,
2026-02-10,8:00 pm ET,Aaron Holiday,Rockets,Clippers,0.0,0.0,0.0,0.0,,,,
2026-02-10,8:00 pm ET,Jae'Sean Tate,Rockets,Clippers,0.0,0.0,0.0,0.0,,,,
2026-02-10,8:00 pm ET,Tari Eason,Rockets,Clippers,0.0,0.0,0.0,0.0,,,,
2026-02-10,8:00 pm ET,JD Davison,Rockets,Clippers,0.0,0.0,0.0,0.0,,,,
2026-02-10,8:00 pm ET,Amen Thompson,Rockets,Clippers,0.0,0.0,0.0,0.0,,,,
2026-02-10,8:00 pm ET,Isaiah Crawford,Rockets,Clippers,0.0,0.0,0.0,0.0,,,,
2026-02-10,9:00 pm ET,Cooper Flagg,Mavericks,Suns,28.14,7.26,3.81,39.21,,,,
2026-02-10,9:00 pm ET,Devin Booker,Suns,Mavericks,24.26,3.78,5.87,33.91,,,,
2026-02-10,9:00 pm ET,Dillon Brooks,Suns,Mavericks,22.29,4.6,2.81,29.69,,,,
2026-02-10,9:00 pm ET,Naji Marshall,Mavericks,Suns,18.27,6.88,3.92,29.07,,,,
2026-02-10,9:00 pm ET,Grayson Allen,Suns,Mavericks,17.71,3.54,4.72,25.97,,,,
2026-02-10,9:00 pm ET,Collin Gillespie,Suns,Mavericks,15.22,3.84,4.46,23.53,,,,
2026-02-10,9:00 pm ET,Max Christie,Mavericks,Suns,16.29,3.61,2.81,22.71,,,,
2026-02-10,9:00 pm ET,Mark Williams,Suns,Mavericks,12.93,7.67,1.43,22.04,,,,
2026-02-10,9:00 pm ET,Royce O'Neale,Suns,Mavericks,11.43,4.02,2.88,18.33,,,,
2026-02-10,9:00 pm ET,Caleb Martin,Mavericks,Suns,8.26,5.31,2.89,16.46,,,,
2026-02-10,9:00 pm ET,Jordan Goodwin,Suns,Mavericks,8.86,4.82,2.31,15.99,,,,
2026-02-10,9:00 pm ET,Oso Ighodaro,Suns,Mavericks,5.99,5.15,1.85,12.99,,,,
2026-02-10,9:00 pm ET,Moussa Cisse,Mavericks,Suns,4.85,6.52,0.61,11.99,,,,
2026-02-10,9:00 pm ET,Ryan Nembhard,Mavericks,Suns,5.26,1.79,3.44,10.48,,,,
2026-02-10,9:00 pm ET,Dwight Powell,Mavericks,Suns,3.22,4.68,0.92,8.82,,,,
2026-02-10,9:00 pm ET,Ryan Dunn,Suns,Mavericks,4.64,2.35,0.9,7.89,,,,
2026-02-10,9:00 pm ET,Isaiah Livers,Suns,Mavericks,2.59,2.18,0.71,5.49,,,,
2026-02-10,9:00 pm ET,Klay Thompson,Mavericks,Suns,0.0,0.0,0.0,0.0,,,,
2026-02-10,9:00 pm ET,Tyus Jones,Mavericks,Suns,0.0,0.0,0.0,0.0,,,,
2026-02-10,9:00 pm ET,D'Angelo Russell,Mavericks,Suns,0.0,0.0,0.0,0.0,,,,
2026-02-10,9:00 pm ET,Marvin Bagley III,Mavericks,Suns,0.0,0.0,0.0,0.0,,,,
2026-02-10,9:00 pm ET,P.J. Washington,Mavericks,Suns,0.0,0.0,0.0,0.0,,,,
2026-02-10,9:00 pm ET,Daniel Gafford,Mavericks,Suns,0.0,0.0,0.0,0.0,,,,
2026-02-10,9:00 pm ET,Brandon Williams,Mavericks,Suns,0.0,0.0,0.0,0.0,,,,
2026-02-10,9:00 pm ET,Jeremiah Robinson-Earl,Mavericks,Suns,0.0,0.0,0.0,0.0,,,,
2026-02-10,9:00 pm ET,Jaden Hardy,Mavericks,Suns,0.0,0.0,0.0,0.0,,,,
2026-02-10,9:00 pm ET,AJ Johnson,Mavericks,Suns,0.0,0.0,0.0,0.0,,,,
2026-02-10,9:00 pm ET,Miles Kelly,Mavericks,Suns,0.0,0.0,0.0,0.0,,,,
2026-02-10,9:00 pm ET,Amir Coffey,Suns,Mavericks,0.0,0.0,0.0,0.0,,,,
2026-02-10,9:00 pm ET,Nick Richards,Suns,Mavericks,0.0,0.0,0.0,0.0,,,,
2026-02-10,9:00 pm ET,Jamaree Bouyea,Suns,Mavericks,0.0,0.0,0.0,0.0,,,,
