Name,Team,Opp,Game_Date,Game_Time,Proj_PTS,Proj_REB,Proj_AST,Total_PRA
Donovan Mitchell,Cavaliers,Kings,2026-02-07,10:00 pm ET,27.06,4.47,6.69,38.21
Ja Morant,Grizzlies,Blazers,2026-02-07,10:00 pm ET,21.25,3.22,8.42,32.89
Evan Mobley,Cavaliers,Kings,2026-02-07,10:00 pm ET,17.69,8.46,4.12,30.26
Jaren Jackson Jr.,Grizzlies,Blazers,2026-02-07,10:00 pm ET,21.31,6.3,2.43,30.04
Darius Garland,Cavaliers,Kings,2026-02-07,10:00 pm ET,19.23,2.41,6.56,28.2
Jaylon Tyson,Cavaliers,Kings,2026-02-07,10:00 pm ET,17.43,6.32,4.18,27.93
Domantas Sabonis,Kings,Cavaliers,2026-02-07,10:00 pm ET,13.22,9.43,4.95,27.6
Shaedon Sharpe,Blazers,Grizzlies,2026-02-07,10:00 pm ET,20.22,4.2,2.72,27.13
Russell Westbrook,Kings,Cavaliers,2026-02-07,10:00 pm ET,18.2,3.12,5.17,26.49
DeMar DeRozan,Kings,Cavaliers,2026-02-07,10:00 pm ET,18.93,3.46,4.06,26.45
Donovan Clingan,Blazers,Grizzlies,2026-02-07,10:00 pm ET,12.73,11.31,1.94,25.99
Jarrett Allen,Cavaliers,Kings,2026-02-07,10:00 pm ET,13.84,8.1,1.9,23.85
Jock Landale,Grizzlies,Blazers,2026-02-07,10:00 pm ET,14.11,7.58,1.94,23.64
Zach LaVine,Kings,Cavaliers,2026-02-07,10:00 pm ET,16.6,3.29,2.5,22.39
Toumani Camara,Blazers,Grizzlies,2026-02-07,10:00 pm ET,13.26,5.97,2.38,21.61
Cedric Coward,Grizzlies,Blazers,2026-02-07,10:00 pm ET,12.12,4.83,2.85,19.8
GG Jackson,Grizzlies,Blazers,2026-02-07,10:00 pm ET,12.67,5.01,2.08,19.76
Cam Spencer,Grizzlies,Blazers,2026-02-07,10:00 pm ET,10.87,2.75,5.51,19.12
Malik Monk,Kings,Cavaliers,2026-02-07,10:00 pm ET,13.31,2.56,3.12,18.98
Jaylen Wells,Grizzlies,Blazers,2026-02-07,10:00 pm ET,12.72,3.6,1.91,18.22
Caleb Love,Blazers,Grizzlies,2026-02-07,10:00 pm ET,12.46,2.63,2.97,18.06
Vince Williams Jr.,Grizzlies,Blazers,2026-02-07,10:00 pm ET,9.87,3.28,3.12,16.26
Maxime Raynaud,Kings,Cavaliers,2026-02-07,10:00 pm ET,8.66,6.41,1.07,16.15
Nique Clifford,Kings,Cavaliers,2026-02-07,10:00 pm ET,10.09,3.73,2.0,15.82
Dylan Cardwell,Kings,Cavaliers,2026-02-07,10:00 pm ET,5.98,7.78,1.38,15.14
Sidy Cissoko,Blazers,Grizzlies,2026-02-07,10:00 pm ET,8.83,3.1,1.7,13.63
Nae'Qwan Tomlin,Cavaliers,Kings,2026-02-07,10:00 pm ET,8.19,3.8,1.55,13.53
Dean Wade,Cavaliers,Kings,2026-02-07,10:00 pm ET,6.06,4.48,1.2,11.75
Walter Clayton Jr.,Grizzlies,Blazers,2026-02-07,10:00 pm ET,6.72,1.85,2.6,11.16
Tyrese Proctor,Cavaliers,Kings,2026-02-07,10:00 pm ET,4.53,0.95,1.36,6.84
Kentavious Caldwell-Pope,Grizzlies,Blazers,2026-02-07,10:00 pm ET,0.0,0.0,0.0,0.0
Kyle Anderson,Grizzlies,Blazers,2026-02-07,10:00 pm ET,0.0,0.0,0.0,0.0
Brandon Clarke,Grizzlies,Blazers,2026-02-07,10:00 pm ET,0.0,0.0,0.0,0.0
Charles Bassey,Grizzlies,Blazers,2026-02-07,10:00 pm ET,0.0,0.0,0.0,0.0
John Konchar,Grizzlies,Blazers,2026-02-07,10:00 pm ET,0.0,0.0,0.0,0.0
Santi Aldama,Grizzlies,Blazers,2026-02-07,10:00 pm ET,0.0,0.0,0.0,0.0
Scotty Pippen Jr.,Grizzlies,Blazers,2026-02-07,10:00 pm ET,0.0,0.0,0.0,0.0
Christian Koloko,Grizzlies,Blazers,2026-02-07,10:00 pm ET,0.0,0.0,0.0,0.0
Taylor Hendricks,Grizzlies,Blazers,2026-02-07,10:00 pm ET,0.0,0.0,0.0,0.0
Kobe Bufkin,Grizzlies,Blazers,2026-02-07,10:00 pm ET,0.0,0.0,0.0,0.0
Olivier-Maxence Prosper,Grizzlies,Blazers,2026-02-07,10:00 pm ET,0.0,0.0,0.0,0.0
PJ Hall,Grizzlies,Blazers,2026-02-07,10:00 pm ET,0.0,0.0,0.0,0.0
Javon Small,Grizzlies,Blazers,2026-02-07,10:00 pm ET,0.0,0.0,0.0,0.0
Jahmai Mashack,Grizzlies,Blazers,2026-02-07,10:00 pm ET,0.0,0.0,0.0,0.0
Jrue Holiday,Blazers,Grizzlies,2026-02-07,10:00 pm ET,0.0,0.0,0.0,0.0
Jerami Grant,Blazers,Grizzlies,2026-02-07,10:00 pm ET,0.0,0.0,0.0,0.0
Robert Williams III,Blazers,Grizzlies,2026-02-07,10:00 pm ET,0.0,0.0,0.0,0.0
Matisse Thybulle,Blazers,Grizzlies,2026-02-07,10:00 pm ET,0.0,0.0,0.0,0.0
Deni Avdija,Blazers,Grizzlies,2026-02-07,10:00 pm ET,0.0,0.0,0.0,0.0
Vit Krejci,Blazers,Grizzlies,2026-02-07,10:00 pm ET,0.0,0.0,0.0,0.0
Scoot Henderson,Blazers,Grizzlies,2026-02-07,10:00 pm ET,0.0,0.0,0.0,0.0
Blake Wesley,Blazers,Grizzlies,2026-02-07,10:00 pm ET,0.0,0.0,0.0,0.0
Kris Murray,Blazers,Grizzlies,2026-02-07,10:00 pm ET,0.0,0.0,0.0,0.0
Javonte Cooke,Blazers,Grizzlies,2026-02-07,10:00 pm ET,0.0,0.0,0.0,0.0
Rayan Rupert,Blazers,Grizzlies,2026-02-07,10:00 pm ET,0.0,0.0,0.0,0.0
Duop Reath,Blazers,Grizzlies,2026-02-07,10:00 pm ET,0.0,0.0,0.0,0.0
Hansen Yang,Blazers,Grizzlies,2026-02-07,10:00 pm ET,0.0,0.0,0.0,0.0
Larry Nance Jr.,Cavaliers,Kings,2026-02-07,10:00 pm ET,0.0,0.0,0.0,0.0
Lonzo Ball,Cavaliers,Kings,2026-02-07,10:00 pm ET,0.0,0.0,0.0,0.0
Thomas Bryant,Cavaliers,Kings,2026-02-07,10:00 pm ET,0.0,0.0,0.0,0.0
De'Andre Hunter,Cavaliers,Kings,2026-02-07,10:00 pm ET,0.0,0.0,0.0,0.0
Sam Merrill,Cavaliers,Kings,2026-02-07,10:00 pm ET,0.0,0.0,0.0,0.0
Craig Porter Jr.,Cavaliers,Kings,2026-02-07,10:00 pm ET,0.0,0.0,0.0,0.0
Dennis Schroder,Kings,Cavaliers,2026-02-07,10:00 pm ET,0.0,0.0,0.0,0.0
Doug McDermott,Kings,Cavaliers,2026-02-07,10:00 pm ET,0.0,0.0,0.0,0.0
Dario Saric,Kings,Cavaliers,2026-02-07,10:00 pm ET,0.0,0.0,0.0,0.0
De'Andre Hunter,Kings,Cavaliers,2026-02-07,10:00 pm ET,0.0,0.0,0.0,0.0
Precious Achiuwa,Kings,Cavaliers,2026-02-07,10:00 pm ET,0.0,0.0,0.0,0.0
Keegan Murray,Kings,Cavaliers,2026-02-07,10:00 pm ET,0.0,0.0,0.0,0.0
Keon Ellis,Kings,Cavaliers,2026-02-07,10:00 pm ET,0.0,0.0,0.0,0.0
Daeqwon Plowden,Kings,Cavaliers,2026-02-07,10:00 pm ET,0.0,0.0,0.0,0.0
Devin Carter,Kings,Cavaliers,2026-02-07,10:00 pm ET,0.0,0.0,0.0,0.0
Brandon Miller,Nets,Wizards,2026-02-07,3:00 pm ET,21.92,5.76,3.05,30.73
LaMelo Ball,Nets,Wizards,2026-02-07,3:00 pm ET,19.29,3.73,7.05,30.08
Alex Sarr,Wizards,Nets,2026-02-07,3:00 pm ET,17.65,8.87,2.25,28.77
Kon Knueppel,Nets,Wizards,2026-02-07,3:00 pm ET,16.61,5.94,3.74,26.29
CJ McCollum,Wizards,Nets,2026-02-07,3:00 pm ET,18.45,3.9,3.4,25.75
Kyshawn George,Wizards,Nets,2026-02-07,3:00 pm ET,15.35,5.59,4.59,25.53
Miles Bridges,Nets,Wizards,2026-02-07,3:00 pm ET,15.08,4.76,3.1,22.94
Moussa Diabate,Nets,Wizards,2026-02-07,3:00 pm ET,9.45,9.1,1.83,20.38
Nic Claxton,Nets,Wizards,2026-02-07,3:00 pm ET,9.53,6.12,3.64,19.29
Will Riley,Wizards,Nets,2026-02-07,3:00 pm ET,13.11,3.35,2.67,19.13
Day'Ron Sharpe,Nets,Wizards,2026-02-07,3:00 pm ET,8.98,8.41,1.73,19.12
Bub Carrington,Wizards,Nets,2026-02-07,3:00 pm ET,11.28,2.65,3.94,17.87
Danny Wolf,Nets,Wizards,2026-02-07,3:00 pm ET,9.52,5.25,2.02,16.8
Bilal Coulibaly,Wizards,Nets,2026-02-07,3:00 pm ET,9.83,4.04,2.48,16.35
Corey Kispert,Wizards,Nets,2026-02-07,3:00 pm ET,11.61,2.72,1.96,16.28
Noah Clowney,Nets,Wizards,2026-02-07,3:00 pm ET,9.0,4.62,1.31,14.93
Collin Sexton,Nets,Wizards,2026-02-07,3:00 pm ET,9.43,1.73,2.3,13.46
Ryan Kalkbrenner,Nets,Wizards,2026-02-07,3:00 pm ET,6.36,5.07,0.69,12.12
Grant Williams,Nets,Wizards,2026-02-07,3:00 pm ET,6.33,3.94,1.12,11.39
Sion James,Nets,Wizards,2026-02-07,3:00 pm ET,4.61,3.52,1.11,9.23
Josh Green,Nets,Wizards,2026-02-07,3:00 pm ET,4.31,2.23,0.94,7.48
Khris Middleton,Wizards,Nets,2026-02-07,3:00 pm ET,0.0,0.0,0.0,0.0
Marvin Bagley III,Wizards,Nets,2026-02-07,3:00 pm ET,0.0,0.0,0.0,0.0
Anthony Gill,Wizards,Nets,2026-02-07,3:00 pm ET,0.0,0.0,0.0,0.0
Sharife Cooper,Wizards,Nets,2026-02-07,3:00 pm ET,0.0,0.0,0.0,0.0
Justin Champagnie,Wizards,Nets,2026-02-07,3:00 pm ET,0.0,0.0,0.0,0.0
Malaki Branham,Wizards,Nets,2026-02-07,3:00 pm ET,0.0,0.0,0.0,0.0
Tristan Vukcevic,Wizards,Nets,2026-02-07,3:00 pm ET,0.0,0.0,0.0,0.0
AJ Johnson,Wizards,Nets,2026-02-07,3:00 pm ET,0.0,0.0,0.0,0.0
Jamir Watkins,Wizards,Nets,2026-02-07,3:00 pm ET,0.0,0.0,0.0,0.0
Tre Johnson,Wizards,Nets,2026-02-07,3:00 pm ET,0.0,0.0,0.0,0.0
Pat Connaughton,Nets,Wizards,2026-02-07,3:00 pm ET,0.0,0.0,0.0,0.0
Michael Porter Jr.,Nets,Wizards,2026-02-07,3:00 pm ET,0.0,0.0,0.0,0.0
Terance Mann,Nets,Wizards,2026-02-07,3:00 pm ET,0.0,0.0,0.0,0.0
Coby White,Nets,Wizards,2026-02-07,3:00 pm ET,0.0,0.0,0.0,0.0
Ziaire Williams,Nets,Wizards,2026-02-07,3:00 pm ET,0.0,0.0,0.0,0.0
Tre Mann,Nets,Wizards,2026-02-07,3:00 pm ET,0.0,0.0,0.0,0.0
Cam Thomas,Nets,Wizards,2026-02-07,3:00 pm ET,0.0,0.0,0.0,0.0
Jalen Wilson,Nets,Wizards,2026-02-07,3:00 pm ET,0.0,0.0,0.0,0.0
Drew Timme,Nets,Wizards,2026-02-07,3:00 pm ET,0.0,0.0,0.0,0.0
Tyrese Martin,Nets,Wizards,2026-02-07,3:00 pm ET,0.0,0.0,0.0,0.0
Kobe Bufkin,Nets,Wizards,2026-02-07,3:00 pm ET,0.0,0.0,0.0,0.0
PJ Hall,Nets,Wizards,2026-02-07,3:00 pm ET,0.0,0.0,0.0,0.0
Antonio Reeves,Nets,Wizards,2026-02-07,3:00 pm ET,0.0,0.0,0.0,0.0
Tidjane Salaun,Nets,Wizards,2026-02-07,3:00 pm ET,0.0,0.0,0.0,0.0
Nolan Traore,Nets,Wizards,2026-02-07,3:00 pm ET,0.0,0.0,0.0,0.0
Egor Demin,Nets,Wizards,2026-02-07,3:00 pm ET,0.0,0.0,0.0,0.0
Liam McNeeley,Nets,Wizards,2026-02-07,3:00 pm ET,0.0,0.0,0.0,0.0
Ben Saraf,Nets,Wizards,2026-02-07,3:00 pm ET,0.0,0.0,0.0,0.0
Drake Powell,Nets,Wizards,2026-02-07,3:00 pm ET,0.0,0.0,0.0,0.0
Shai Gilgeous-Alexander,Thunder,Rockets,2026-02-07,3:30 pm ET,29.52,4.64,6.86,41.02
Alperen Sengun,Rockets,Thunder,2026-02-07,3:30 pm ET,20.78,9.42,5.43,35.63
Kevin Durant,Rockets,Thunder,2026-02-07,3:30 pm ET,24.09,4.74,4.42,33.25
Amen Thompson,Rockets,Thunder,2026-02-07,3:30 pm ET,13.96,6.63,6.42,27.01
Jalen Williams,Thunder,Rockets,2026-02-07,3:30 pm ET,15.69,3.77,5.4,24.85
Jabari Smith Jr.,Rockets,Thunder,2026-02-07,3:30 pm ET,14.05,5.93,2.33,22.31
Ajay Mitchell,Thunder,Rockets,2026-02-07,3:30 pm ET,13.74,3.59,3.43,20.76
Kenrich Williams,Thunder,Rockets,2026-02-07,3:30 pm ET,10.52,5.01,2.24,17.77
Jaylin Williams,Thunder,Rockets,2026-02-07,3:30 pm ET,8.59,5.86,2.84,17.29
Reed Sheppard,Rockets,Thunder,2026-02-07,3:30 pm ET,12.21,2.66,2.2,17.06
Cason Wallace,Thunder,Rockets,2026-02-07,3:30 pm ET,11.48,3.41,2.13,17.02
Isaiah Joe,Thunder,Rockets,2026-02-07,3:30 pm ET,10.5,2.77,1.83,15.1
Clint Capela,Rockets,Thunder,2026-02-07,3:30 pm ET,5.5,5.49,0.89,11.88
Josh Okogie,Rockets,Thunder,2026-02-07,3:30 pm ET,5.62,3.35,0.91,9.87
Branden Carlson,Thunder,Rockets,2026-02-07,3:30 pm ET,4.35,3.08,0.57,8.0
Dorian Finney-Smith,Rockets,Thunder,2026-02-07,3:30 pm ET,4.33,2.15,0.84,7.31
Steven Adams,Rockets,Thunder,2026-02-07,3:30 pm ET,0.0,0.0,0.0,0.0
Aaron Holiday,Rockets,Thunder,2026-02-07,3:30 pm ET,0.0,0.0,0.0,0.0
Jae'Sean Tate,Rockets,Thunder,2026-02-07,3:30 pm ET,0.0,0.0,0.0,0.0
Tari Eason,Rockets,Thunder,2026-02-07,3:30 pm ET,0.0,0.0,0.0,0.0
JD Davison,Rockets,Thunder,2026-02-07,3:30 pm ET,0.0,0.0,0.0,0.0
Isaiah Crawford,Rockets,Thunder,2026-02-07,3:30 pm ET,0.0,0.0,0.0,0.0
Alex Caruso,Thunder,Rockets,2026-02-07,3:30 pm ET,0.0,0.0,0.0,0.0
Isaiah Hartenstein,Thunder,Rockets,2026-02-07,3:30 pm ET,0.0,0.0,0.0,0.0
Luguentz Dort,Thunder,Rockets,2026-02-07,3:30 pm ET,0.0,0.0,0.0,0.0
Aaron Wiggins,Thunder,Rockets,2026-02-07,3:30 pm ET,0.0,0.0,0.0,0.0
Chet Holmgren,Thunder,Rockets,2026-02-07,3:30 pm ET,0.0,0.0,0.0,0.0
Ousmane Dieng,Thunder,Rockets,2026-02-07,3:30 pm ET,0.0,0.0,0.0,0.0
Malevy Leons,Thunder,Rockets,2026-02-07,3:30 pm ET,0.0,0.0,0.0,0.0
Chris Youngblood,Thunder,Rockets,2026-02-07,3:30 pm ET,0.0,0.0,0.0,0.0
Brooks Barnhizer,Thunder,Rockets,2026-02-07,3:30 pm ET,0.0,0.0,0.0,0.0
Cooper Flagg,Mavericks,Spurs,2026-02-07,6:00 pm ET,28.02,7.16,3.95,39.12
Victor Wembanyama,Spurs,Mavericks,2026-02-07,6:00 pm ET,21.38,11.15,2.53,35.06
Anthony Davis,Mavericks,Spurs,2026-02-07,6:00 pm ET,20.52,10.77,2.42,33.71
Naji Marshall,Mavericks,Spurs,2026-02-07,6:00 pm ET,19.32,7.31,3.86,30.48
De'Aaron Fox,Spurs,Mavericks,2026-02-07,6:00 pm ET,15.76,3.69,7.0,26.44
Max Christie,Mavericks,Spurs,2026-02-07,6:00 pm ET,16.33,3.76,2.76,22.84
Keldon Johnson,Spurs,Mavericks,2026-02-07,6:00 pm ET,14.52,4.67,2.37,21.57
Stephon Castle,Spurs,Mavericks,2026-02-07,6:00 pm ET,11.3,3.99,5.4,20.69
Dylan Harper,Spurs,Mavericks,2026-02-07,6:00 pm ET,11.61,3.84,3.26,18.7
Julian Champagnie,Spurs,Mavericks,2026-02-07,6:00 pm ET,11.38,5.06,1.59,18.03
Devin Vassell,Spurs,Mavericks,2026-02-07,6:00 pm ET,12.03,3.39,1.94,17.35
Caleb Martin,Mavericks,Spurs,2026-02-07,6:00 pm ET,8.07,5.41,3.06,16.55
Luke Kornet,Spurs,Mavericks,2026-02-07,6:00 pm ET,5.81,6.42,1.54,13.77
Harrison Barnes,Spurs,Mavericks,2026-02-07,6:00 pm ET,8.87,3.13,1.65,13.65
Moussa Cisse,Mavericks,Spurs,2026-02-07,6:00 pm ET,4.85,6.55,0.62,12.02
Ryan Nembhard,Mavericks,Spurs,2026-02-07,6:00 pm ET,5.25,1.8,3.44,10.49
Dwight Powell,Mavericks,Spurs,2026-02-07,6:00 pm ET,3.9,5.49,0.94,10.33
Klay Thompson,Mavericks,Spurs,2026-02-07,6:00 pm ET,0.0,0.0,0.0,0.0
D'Angelo Russell,Mavericks,Spurs,2026-02-07,6:00 pm ET,0.0,0.0,0.0,0.0
P.J. Washington,Mavericks,Spurs,2026-02-07,6:00 pm ET,0.0,0.0,0.0,0.0
Daniel Gafford,Mavericks,Spurs,2026-02-07,6:00 pm ET,0.0,0.0,0.0,0.0
Brandon Williams,Mavericks,Spurs,2026-02-07,6:00 pm ET,0.0,0.0,0.0,0.0
Jeremiah Robinson-Earl,Mavericks,Spurs,2026-02-07,6:00 pm ET,0.0,0.0,0.0,0.0
Jaden Hardy,Mavericks,Spurs,2026-02-07,6:00 pm ET,0.0,0.0,0.0,0.0
Miles Kelly,Mavericks,Spurs,2026-02-07,6:00 pm ET,0.0,0.0,0.0,0.0
Kelly Olynyk,Spurs,Mavericks,2026-02-07,6:00 pm ET,0.0,0.0,0.0,0.0
Lindy Waters III,Spurs,Mavericks,2026-02-07,6:00 pm ET,0.0,0.0,0.0,0.0
Micah Potter,Spurs,Mavericks,2026-02-07,6:00 pm ET,0.0,0.0,0.0,0.0
Carter Bryant,Spurs,Mavericks,2026-02-07,6:00 pm ET,0.0,0.0,0.0,0.0
Paolo Banchero,Magic,Jazz,2026-02-07,7:00 pm ET,22.06,7.95,4.63,34.65
Isaiah Collier,Jazz,Magic,2026-02-07,7:00 pm ET,15.73,3.8,7.6,27.14
Jalen Suggs,Magic,Jazz,2026-02-07,7:00 pm ET,14.33,4.38,6.03,24.74
Desmond Bane,Magic,Jazz,2026-02-07,7:00 pm ET,17.73,3.5,3.07,24.3
Franz Wagner,Magic,Jazz,2026-02-07,7:00 pm ET,16.78,4.83,2.53,24.14
Anthony Black,Magic,Jazz,2026-02-07,7:00 pm ET,16.11,3.71,4.16,23.98
Ace Bailey,Jazz,Magic,2026-02-07,7:00 pm ET,16.05,4.77,2.25,23.08
Kyle Filipowski,Jazz,Magic,2026-02-07,7:00 pm ET,11.4,8.32,2.59,22.31
Brice Sensabaugh,Jazz,Magic,2026-02-07,7:00 pm ET,16.38,3.58,2.21,22.17
Wendell Carter Jr.,Magic,Jazz,2026-02-07,7:00 pm ET,10.57,5.3,1.88,17.75
Cody Williams,Jazz,Magic,2026-02-07,7:00 pm ET,9.68,3.54,1.54,14.75
Tristan da Silva,Magic,Jazz,2026-02-07,7:00 pm ET,7.36,2.45,1.47,11.29
Walter Clayton Jr.,Jazz,Magic,2026-02-07,7:00 pm ET,6.72,1.85,2.6,11.16
Noah Penda,Magic,Jazz,2026-02-07,7:00 pm ET,5.7,3.14,1.22,10.06
Kevin Love,Jazz,Magic,2026-02-07,7:00 pm ET,0.0,0.0,0.0,0.0
Kyle Anderson,Jazz,Magic,2026-02-07,7:00 pm ET,0.0,0.0,0.0,0.0
Jusuf Nurkic,Jazz,Magic,2026-02-07,7:00 pm ET,0.0,0.0,0.0,0.0
Lauri Markkanen,Jazz,Magic,2026-02-07,7:00 pm ET,0.0,0.0,0.0,0.0
Svi Mykhailiuk,Jazz,Magic,2026-02-07,7:00 pm ET,0.0,0.0,0.0,0.0
Taylor Hendricks,Jazz,Magic,2026-02-07,7:00 pm ET,0.0,0.0,0.0,0.0
Keyonte George,Jazz,Magic,2026-02-07,7:00 pm ET,0.0,0.0,0.0,0.0
Tyus Jones,Magic,Jazz,2026-02-07,7:00 pm ET,0.0,0.0,0.0,0.0
Jonathan Isaac,Magic,Jazz,2026-02-07,7:00 pm ET,0.0,0.0,0.0,0.0
Moritz Wagner,Magic,Jazz,2026-02-07,7:00 pm ET,0.0,0.0,0.0,0.0
Goga Bitadze,Magic,Jazz,2026-02-07,7:00 pm ET,0.0,0.0,0.0,0.0
Jett Howard,Magic,Jazz,2026-02-07,7:00 pm ET,0.0,0.0,0.0,0.0
Jase Richardson,Magic,Jazz,2026-02-07,7:00 pm ET,0.0,0.0,0.0,0.0
Brandon Miller,Hornets,Hawks,2026-02-07,7:30 pm ET,21.92,5.76,3.05,30.73
LaMelo Ball,Hornets,Hawks,2026-02-07,7:30 pm ET,19.29,3.73,7.05,30.08
Nickeil Alexander-Walker,Hawks,Hornets,2026-02-07,7:30 pm ET,19.53,3.44,4.28,27.25
Kon Knueppel,Hornets,Hawks,2026-02-07,7:30 pm ET,16.61,5.94,3.74,26.29
CJ McCollum,Hawks,Hornets,2026-02-07,7:30 pm ET,18.45,3.9,3.4,25.75
Jock Landale,Hawks,Hornets,2026-02-07,7:30 pm ET,14.11,7.58,1.94,23.64
Miles Bridges,Hornets,Hawks,2026-02-07,7:30 pm ET,15.08,4.76,3.1,22.94
Dyson Daniels,Hawks,Hornets,2026-02-07,7:30 pm ET,10.54,5.27,5.9,21.71
Moussa Diabate,Hornets,Hawks,2026-02-07,7:30 pm ET,9.45,9.1,1.83,20.38
Corey Kispert,Hawks,Hornets,2026-02-07,7:30 pm ET,11.61,2.72,1.96,16.28
Collin Sexton,Hornets,Hawks,2026-02-07,7:30 pm ET,9.43,1.73,2.3,13.46
Ryan Kalkbrenner,Hornets,Hawks,2026-02-07,7:30 pm ET,6.36,5.07,0.69,12.12
Luke Kennard,Hawks,Hornets,2026-02-07,7:30 pm ET,7.57,3.08,1.3,11.96
Mouhamed Gueye,Hawks,Hornets,2026-02-07,7:30 pm ET,6.66,3.76,1.21,11.63
Grant Williams,Hornets,Hawks,2026-02-07,7:30 pm ET,6.33,3.94,1.12,11.39
Sion James,Hornets,Hawks,2026-02-07,7:30 pm ET,4.61,3.52,1.11,9.23
Josh Green,Hornets,Hawks,2026-02-07,7:30 pm ET,4.31,2.23,0.94,7.48
Pat Connaughton,Hornets,Hawks,2026-02-07,7:30 pm ET,0.0,0.0,0.0,0.0
Coby White,Hornets,Hawks,2026-02-07,7:30 pm ET,0.0,0.0,0.0,0.0
Tre Mann,Hornets,Hawks,2026-02-07,7:30 pm ET,0.0,0.0,0.0,0.0
PJ Hall,Hornets,Hawks,2026-02-07,7:30 pm ET,0.0,0.0,0.0,0.0
Antonio Reeves,Hornets,Hawks,2026-02-07,7:30 pm ET,0.0,0.0,0.0,0.0
Tidjane Salaun,Hornets,Hawks,2026-02-07,7:30 pm ET,0.0,0.0,0.0,0.0
Liam McNeeley,Hornets,Hawks,2026-02-07,7:30 pm ET,0.0,0.0,0.0,0.0
Kristaps Porzingis,Hawks,Hornets,2026-02-07,7:30 pm ET,0.0,0.0,0.0,0.0
Charles Bassey,Hawks,Hornets,2026-02-07,7:30 pm ET,0.0,0.0,0.0,0.0
Onyeka Okongwu,Hawks,Hornets,2026-02-07,7:30 pm ET,0.0,0.0,0.0,0.0
Vit Krejci,Hawks,Hornets,2026-02-07,7:30 pm ET,0.0,0.0,0.0,0.0
Jalen Johnson,Hawks,Hornets,2026-02-07,7:30 pm ET,0.0,0.0,0.0,0.0
Christian Koloko,Hawks,Hornets,2026-02-07,7:30 pm ET,0.0,0.0,0.0,0.0
Duop Reath,Hawks,Hornets,2026-02-07,7:30 pm ET,0.0,0.0,0.0,0.0
Zaccharie Risacher,Hawks,Hornets,2026-02-07,7:30 pm ET,0.0,0.0,0.0,0.0
Asa Newell,Hawks,Hornets,2026-02-07,7:30 pm ET,0.0,0.0,0.0,0.0
Nikola Jokic,Nuggets,Bulls,2026-02-07,8:00 pm ET,26.54,10.91,10.03,47.48
Nikola Vucevic,Bulls,Nuggets,2026-02-07,8:00 pm ET,18.12,7.96,4.2,30.28
Peyton Watson,Nuggets,Bulls,2026-02-07,8:00 pm ET,18.79,4.29,2.67,25.75
Ayo Dosunmu,Bulls,Nuggets,2026-02-07,8:00 pm ET,17.5,4.4,3.72,25.62
Matas Buzelis,Bulls,Nuggets,2026-02-07,8:00 pm ET,15.01,5.64,2.84,23.49
Jalen Smith,Bulls,Nuggets,2026-02-07,8:00 pm ET,11.9,7.91,1.44,21.25
Jonas Valanciunas,Nuggets,Bulls,2026-02-07,8:00 pm ET,10.83,8.02,1.85,20.7
Tim Hardaway Jr.,Nuggets,Bulls,2026-02-07,8:00 pm ET,13.22,4.1,1.94,19.26
Bruce Brown,Nuggets,Bulls,2026-02-07,8:00 pm ET,10.43,3.72,1.9,16.06
Patrick Williams,Bulls,Nuggets,2026-02-07,8:00 pm ET,10.73,3.66,1.67,16.05
Isaac Okoro,Bulls,Nuggets,2026-02-07,8:00 pm ET,10.25,2.89,1.63,14.77
Jaden Ivey,Bulls,Nuggets,2026-02-07,8:00 pm ET,8.32,2.44,1.56,12.32
Spencer Jones,Nuggets,Bulls,2026-02-07,8:00 pm ET,6.29,3.26,0.82,10.37
Aaron Gordon,Nuggets,Bulls,2026-02-07,8:00 pm ET,0.0,0.0,0.0,0.0
Jamal Murray,Nuggets,Bulls,2026-02-07,8:00 pm ET,0.0,0.0,0.0,0.0
Jalen Pickett,Nuggets,Bulls,2026-02-07,8:00 pm ET,0.0,0.0,0.0,0.0
Zeke Nnaji,Nuggets,Bulls,2026-02-07,8:00 pm ET,0.0,0.0,0.0,0.0
Julian Strawther,Nuggets,Bulls,2026-02-07,8:00 pm ET,0.0,0.0,0.0,0.0
Christian Braun,Nuggets,Bulls,2026-02-07,8:00 pm ET,0.0,0.0,0.0,0.0
DaRon Holmes II,Nuggets,Bulls,2026-02-07,8:00 pm ET,0.0,0.0,0.0,0.0
Hunter Tyson,Nuggets,Bulls,2026-02-07,8:00 pm ET,0.0,0.0,0.0,0.0
Curtis Jones,Nuggets,Bulls,2026-02-07,8:00 pm ET,0.0,0.0,0.0,0.0
Guerschon Yabusele,Bulls,Nuggets,2026-02-07,8:00 pm ET,0.0,0.0,0.0,0.0
Zach Collins,Bulls,Nuggets,2026-02-07,8:00 pm ET,0.0,0.0,0.0,0.0
Jevon Carter,Bulls,Nuggets,2026-02-07,8:00 pm ET,0.0,0.0,0.0,0.0
Kevin Huerter,Bulls,Nuggets,2026-02-07,8:00 pm ET,0.0,0.0,0.0,0.0
Anfernee Simons,Bulls,Nuggets,2026-02-07,8:00 pm ET,0.0,0.0,0.0,0.0
Coby White,Bulls,Nuggets,2026-02-07,8:00 pm ET,0.0,0.0,0.0,0.0
Tre Jones,Bulls,Nuggets,2026-02-07,8:00 pm ET,0.0,0.0,0.0,0.0
Josh Giddey,Bulls,Nuggets,2026-02-07,8:00 pm ET,0.0,0.0,0.0,0.0
Dalen Terry,Bulls,Nuggets,2026-02-07,8:00 pm ET,0.0,0.0,0.0,0.0
Julian Phillips,Bulls,Nuggets,2026-02-07,8:00 pm ET,0.0,0.0,0.0,0.0
Lachlan Olbrich,Bulls,Nuggets,2026-02-07,8:00 pm ET,0.0,0.0,0.0,0.0
Luka Doncic,Lakers,Warriors,2026-02-07,8:30 pm ET,29.52,7.08,7.26,43.86
LeBron James,Lakers,Warriors,2026-02-07,8:30 pm ET,19.0,5.29,6.09,30.38
Stephen Curry,Warriors,Lakers,2026-02-07,8:30 pm ET,21.08,2.95,5.2,29.24
De'Anthony Melton,Warriors,Lakers,2026-02-07,8:30 pm ET,14.87,3.61,3.16,21.64
Deandre Ayton,Lakers,Warriors,2026-02-07,8:30 pm ET,11.51,7.49,1.39,20.38
Brandin Podziemski,Warriors,Lakers,2026-02-07,8:30 pm ET,10.38,4.59,4.58,19.56
Moses Moody,Warriors,Lakers,2026-02-07,8:30 pm ET,12.57,4.53,1.54,18.65
Al Horford,Warriors,Lakers,2026-02-07,8:30 pm ET,9.17,4.71,3.33,17.21
Draymond Green,Warriors,Lakers,2026-02-07,8:30 pm ET,8.04,4.43,4.06,16.53
Rui Hachimura,Lakers,Warriors,2026-02-07,8:30 pm ET,10.14,3.68,1.23,15.05
Jake LaRavia,Lakers,Warriors,2026-02-07,8:30 pm ET,8.23,3.58,1.55,13.36
Marcus Smart,Lakers,Warriors,2026-02-07,8:30 pm ET,8.19,2.88,1.65,12.72
Quinten Post,Warriors,Lakers,2026-02-07,8:30 pm ET,7.1,4.3,1.07,12.47
Jarred Vanderbilt,Lakers,Warriors,2026-02-07,8:30 pm ET,5.48,4.84,1.28,11.6
Will Richard,Warriors,Lakers,2026-02-07,8:30 pm ET,6.47,2.48,2.05,10.99
Gabe Vincent,Lakers,Warriors,2026-02-07,8:30 pm ET,5.13,1.23,1.07,7.42
Jimmy Butler III,Warriors,Lakers,2026-02-07,8:30 pm ET,0.0,0.0,0.0,0.0
Seth Curry,Warriors,Lakers,2026-02-07,8:30 pm ET,0.0,0.0,0.0,0.0
Buddy Hield,Warriors,Lakers,2026-02-07,8:30 pm ET,0.0,0.0,0.0,0.0
Gary Payton II,Warriors,Lakers,2026-02-07,8:30 pm ET,0.0,0.0,0.0,0.0
Jonathan Kuminga,Warriors,Lakers,2026-02-07,8:30 pm ET,0.0,0.0,0.0,0.0
Pat Spencer,Warriors,Lakers,2026-02-07,8:30 pm ET,0.0,0.0,0.0,0.0
Gui Santos,Warriors,Lakers,2026-02-07,8:30 pm ET,0.0,0.0,0.0,0.0
Trayce Jackson-Davis,Warriors,Lakers,2026-02-07,8:30 pm ET,0.0,0.0,0.0,0.0
Malevy Leons,Warriors,Lakers,2026-02-07,8:30 pm ET,0.0,0.0,0.0,0.0
Maxi Kleber,Lakers,Warriors,2026-02-07,8:30 pm ET,0.0,0.0,0.0,0.0
Jaxson Hayes,Lakers,Warriors,2026-02-07,8:30 pm ET,0.0,0.0,0.0,0.0
Austin Reaves,Lakers,Warriors,2026-02-07,8:30 pm ET,0.0,0.0,0.0,0.0
Christian Koloko,Lakers,Warriors,2026-02-07,8:30 pm ET,0.0,0.0,0.0,0.0
Drew Timme,Lakers,Warriors,2026-02-07,8:30 pm ET,0.0,0.0,0.0,0.0
Kobe Bufkin,Lakers,Warriors,2026-02-07,8:30 pm ET,0.0,0.0,0.0,0.0
Joel Embiid,76ers,Suns,2026-02-07,9:00 pm ET,31.23,8.25,5.12,44.6
Tyrese Maxey,76ers,Suns,2026-02-07,9:00 pm ET,25.66,3.34,7.05,36.05
Devin Booker,Suns,76ers,2026-02-07,9:00 pm ET,24.11,3.87,5.9,33.88
Dillon Brooks,Suns,76ers,2026-02-07,9:00 pm ET,21.11,4.7,2.7,28.51
Grayson Allen,Suns,76ers,2026-02-07,9:00 pm ET,17.74,3.54,4.71,26.0
Collin Gillespie,Suns,76ers,2026-02-07,9:00 pm ET,15.68,3.93,4.64,24.25
VJ Edgecombe,76ers,Suns,2026-02-07,9:00 pm ET,14.67,5.67,3.71,24.05
Mark Williams,Suns,76ers,2026-02-07,9:00 pm ET,12.81,7.42,1.41,21.65
Kelly Oubre Jr.,76ers,Suns,2026-02-07,9:00 pm ET,13.68,4.76,2.1,20.53
Royce O'Neale,Suns,76ers,2026-02-07,9:00 pm ET,10.46,3.43,2.71,16.6
Jordan Goodwin,Suns,76ers,2026-02-07,9:00 pm ET,9.0,4.9,2.54,16.43
Oso Ighodaro,Suns,76ers,2026-02-07,9:00 pm ET,6.48,5.23,1.78,13.49
Dominick Barlow,76ers,Suns,2026-02-07,9:00 pm ET,7.56,3.57,1.17,12.3
Adem Bona,76ers,Suns,2026-02-07,9:00 pm ET,4.61,4.08,0.47,9.15
Ryan Dunn,Suns,76ers,2026-02-07,9:00 pm ET,4.76,2.46,0.94,8.16
Isaiah Livers,Suns,76ers,2026-02-07,9:00 pm ET,2.59,2.17,0.71,5.47
Kyle Lowry,76ers,Suns,2026-02-07,9:00 pm ET,0.0,0.0,0.0,0.0
Eric Gordon,76ers,Suns,2026-02-07,9:00 pm ET,0.0,0.0,0.0,0.0
Paul George,76ers,Suns,2026-02-07,9:00 pm ET,0.0,0.0,0.0,0.0
Andre Drummond,76ers,Suns,2026-02-07,9:00 pm ET,0.0,0.0,0.0,0.0
Charles Bassey,76ers,Suns,2026-02-07,9:00 pm ET,0.0,0.0,0.0,0.0
Quentin Grimes,76ers,Suns,2026-02-07,9:00 pm ET,0.0,0.0,0.0,0.0
Trendon Watford,76ers,Suns,2026-02-07,9:00 pm ET,0.0,0.0,0.0,0.0
Jabari Walker,76ers,Suns,2026-02-07,9:00 pm ET,0.0,0.0,0.0,0.0
Jared McCain,76ers,Suns,2026-02-07,9:00 pm ET,0.0,0.0,0.0,0.0
Justin Edwards,76ers,Suns,2026-02-07,9:00 pm ET,0.0,0.0,0.0,0.0
Nick Richards,Suns,76ers,2026-02-07,9:00 pm ET,0.0,0.0,0.0,0.0
Jamaree Bouyea,Suns,76ers,2026-02-07,9:00 pm ET,0.0,0.0,0.0,0.0
